frequency,node_238_accel_y_sa,node_238_accel_y_sd,node_238_accel_y_sv,node_4_accel_y_sa,node_4_accel_y_sd,node_4_accel_y_sv,period
0.1,0.0031974539042098,0.0080992435692696,0.0050889053805025,0.0031854800813629,0.0080689135283691,0.005069848451666,10
0.10174193661806,0.0032854333053355,0.0080395700363311,0.0051394037745578,0.0032730348637135,0.0080092306166877,0.0051200088906115,9.8287887300003
0.10351421666793,0.0033749755189616,0.0079783079329839,0.0051890841153867,0.0033621373434059,0.0079479589964343,0.0051693451950678,9.6605087898981
0.10531736871297,0.0034660441306454,0.007915425314255,0.0052378634434315,0.0034527505685494,0.0078850667285115,0.0052177742984838,9.495109992022
0.10715193052376,0.003558596488299,0.0078508903781257,0.0052856552034368,0.0035448313309473,0.0078205220175202,0.0052652095373374,9.3325430079699
0.10901844923851,0.0036525832670997,0.0077846715348107,0.0053323691721332,0.0036383297304376,0.0077542932811175,0.0053115605788903,9.1727593538978
0.11091748152624,0.0037479480157021,0.0077167374813562,0.005377911391139,0.0037331887205054,0.0076863492246445,0.0053567333541355,9.0157113760596
0.11284959375278,0.0038446266837541,0.0076470572816277,0.0054221841057956,0.0038293436351957,0.0076166589211685,0.0054006299966979,8.861352236595
0.11481536214969,0.0039425471306658,0.0075756004514699,0.005465085710491,0.0039267216972782,0.0075451918967102,0.005443148788242,8.7096358995608
0.11681537298613,0.0040416286162047,0.0075023370498334,0.0055065107017983,0.0040252415082117,0.0074719182214081,0.0054841841116774,8.5605171172009
0.1188502227437,0.0041417812731741,0.0074272377756805,0.0055463496401439,0.0041248125201978,0.0073968086064899,0.0055236264129244,8.413951416452
0.12092051829432,0.0042431880814989,0.0073507634972875,0.0055848609706606,0.00422533449099,0.0073198345073659,0.005561362172374,8.2698950856793
0.12302687708124,0.0043458861995306,0.0072730825571075,0.0056220982838243,0.004326696922195,0.0072409682329248,0.0055972738870907,8.128305161641
0.12516992730317,0.0044493899404034,0.0071935064291578,0.0056574477586737,0.0044287784822262,0.0071601830614831,0.005631240065163,7.989139416674
0.12735030810167,0.00455357143592,0.0071120093944928,0.0056907857832427,0.0045314464148474,0.0070774533630488,0.0056631352330875,7.8523563461007
0.1295686697517,0.0046582910078853,0.0070285669066655,0.005721984797222,0.0046345559350174,0.0069927547284645,0.005692829957844,7.7179151558501
0.13182567385564,0.0047633965571235,0.0069431557245418,0.0057509133251906,0.0047379496138387,0.0069060641056054,0.0057201908851277,7.5857757502918
0.13412199354054,0.0048687229426269,0.0068557540515487,0.0057774360264552,0.0048414567542709,0.0068173599421499,0.005745080794751,7.4558987202778
0.13645831365889,0.0049740913535577,0.0067663416821503,0.0058014137635925,0.0049448927604338,0.0067266223357066,0.005767358675339,7.328245331389
0.1388353309929,0.0050793086764321,0.0066749001551714,0.0058227036909395,0.0050480585029157,0.0066338331908773,0.0057868798195688,7.2027775123834
0.14125375446228,0.0051841668606439,0.0065814129142501,0.0058411593649094,0.0051507396834111,0.0065389763835904,0.005803495941917,7.0794578438414
0.14371430533564,0.0052884422852598,0.0064858654748324,0.0058566308773569,0.0052527062017243,0.0064420379320691,0.005817055320136,6.9582495470061
0.14621771744567,0.0053918951317384,0.0063882455987677,0.0058689650147488,0.0053537115299143,0.0063430061754596,0.0058274029632312,6.8391164728143
0.14876473740795,0.0054942687656915,0.0062885434749583,0.0058780054436991,0.0054534920969352,0.0062418719586612,0.0058343808066187,6.7220230911157
0.15135612484362,0.005595289133478,0.0061867519072536,0.0058835929259408,0.0055517666896382,0.0061386288244226,0.005837827937468,6.606934480076
0.15399265260595,0.0056946641780245,0.0060828665083552,0.005885565563719,0.0056482358747751,0.0060332732115344,0.0058375808513208,6.4938163157621
0.15667510701081,0.0057920832802273,0.0059768859001612,0.0058837590781872,0.0057425814484947,0.0059258046594745,0.0058334737425398,6.3826348619055
0.15940428807122,0.0058872167319711,0.0058688119198659,0.0058780071224375,0.0058344659196475,0.0058162260188805,0.0058253388303278,6.2733569598404
0.16218100973589,0.0059797152476809,0.0057586498314257,0.0058681416311326,0.0059235320339506,0.0057045436673567,0.0058130067222271,6.1659500186148
0.16500610013202,0.0060692095221099,0.0056464085420931,0.0058539932088613,0.0060113171420018,0.0055925491344761,0.0057981537129989,6.0603820052707
0.16788040181226,0.006161482833203,0.0055376488149592,0.0058412437125734,0.0061003989292134,0.0054827494964512,0.0057833346053377,5.9566214352901
0.17080477200597,0.0062545609699911,0.00543046473696,0.0058279647212988,0.0061907234979258,0.0053750384420353,0.0057684813240022,5.8546373632058
0.17378008287494,0.0063456108778495,0.0053224746851433,0.005811570636164,0.0062822137102484,0.0052692993760735,0.0057535089105495,5.7543993733716
0.17680722177343,0.0064427264268748,0.0052204730497268,0.0057994896049793,0.0063750729682724,0.0051656541680991,0.0057385906153421,5.6558775708915
0.17988709151288,0.0065364768786047,0.0051166286324997,0.0057831414259675,0.006469125161137,0.0050639070008864,0.0057235520608353,5.559042572704
0.18302061063111,0.0066369605366452,0.0050189099415108,0.0057715082273859,0.0065645237462543,0.0049641327998633,0.0057085171143006,5.4638654988185
0.18620871366629,0.0067354480870585,0.0049204708206763,0.0057568720479572,0.0066611154158699,0.0048661683103044,0.0056933389805971,5.3703179637025
0.18945235143566,0.006835691034345,0.004824169875254,0.0057425198967379,0.0067591613945623,0.0047701604150621,0.0056782289601034,5.2783720678158
0.19275249131909,0.0069395942833332,0.0047312320384236,0.0057299939622104,0.0068584153448123,0.0046758863828861,0.005662964852353,5.1880003892896
0.1961101175476,0.0070399227389213,0.0046366899960847,0.0057133124662288,0.0069589657884395,0.0045833694844352,0.005647611126659,5.0991759757487
0.19952623149689,0.0071454759715831,0.0045464386038305,0.0056996901494686,0.0070609982396925,0.0044926881156952,0.0056323052897026,5.0118723362727
0.20300185198597,0.0072520320755843,0.0044575875709998,0.0056856457895842,0.0071643314209651,0.0044036808392142,0.0056168878397458,4.9260634334958
0.20653801558105,0.0073574825437644,0.0043688728754308,0.0056695595875613,0.0072689982751061,0.0043163309198171,0.0056013750107396,4.841723675841
0.21013577690467,0.0074711769844302,0.0042857732716334,0.0056586014727593,0.0073750299035516,0.0042306193661331,0.0055857805484799,4.7588279098882
0.21379620895022,0.0075813108135254,0.0042013075006014,0.0056437060505713,0.0074824548674093,0.004146524859695,0.0055701153596006,4.677351412872
0.21752040340195,0.0076877801863664,0.0041156754924139,0.0056249807558865,0.0075912983923783,0.0040640236832629,0.00555438713571,4.5972698853087
0.22130947096056,0.0078060338313596,0.0040371101283192,0.0056137169720768,0.0077015814662995,0.0039830896474936,0.005538599950145,4.5185594437492
0.22516454167446,0.0079206261880932,0.003957306467778,0.0055986020793581,0.007813319816779,0.003903694015031,0.005522753824523,4.4411966136559
0.22908676527678,0.0080329902674533,0.0038771928956816,0.0055808111234882,0.0079265227554005,0.0038258054213279,0.0055068442623603,4.3651583224017
0.23307731152826,0.0081570557691543,0.0038034139851846,0.0055699784551049,0.0080411918746712,0.0037493897920043,0.0054908617475256,4.2904218923889
0.23713737056617,0.0082774546714327,0.0037285243069044,0.0055554199608793,0.0081573195837711,0.0036744102570862,0.0054747912059674,4.2169650342858
0.24126815325916,0.0083937393472905,0.003652545598165,0.0055370132476896,0.0082748874695785,0.0036008270630987,0.0054586114300758,4.1447658403794
0.2454708915685,0.0085213620877648,0.0035821947012598,0.0055249595580698,0.0083940355010397,0.0035286693822323,0.0054424053566314,4.0738027780411
0.24974683891541,0.0086490624937772,0.003512442331881,0.0055117450262351,0.0085149353197362,0.0034579723862313,0.0054262704693181,4.0040546833055
0.25409727055493,0.0087727616631776,0.0034417276288546,0.005494857249967,0.0086372652807579,0.0033885697224975,0.0054099885041981,3.9355007545578
0.25852348395622,0.0088950494597523,0.0033712311781872,0.0054760631908548,0.00876103142094,0.0033204382294883,0.0053935576069824,3.8681205463305
0.26302679918954,0.0090316825550452,0.0033068068770286,0.0054649821577168,0.0088868765253131,0.0032537884530489,0.0053773614553734,3.8018939632056
0.26760855931993,0.0091645657780686,0.0032415450389613,0.0054504451866001,0.0090140517019188,0.0031883075841104,0.0053609299011264,3.7368012538212
0.27227013080779,0.0092932511795025,0.0031754687487088,0.0054323501999053,0.0091431449356399,0.0031241780134037,0.0053446059144982,3.6728230049808
0.27701290391637,0.0094316735362488,0.0031133570322554,0.0054188713889534,0.0092738962582711,0.0030612753952019,0.0053282220705504,3.6099401358642
0.28183829312645,0.0095760439746118,0.0030536995090054,0.0054076206212609,0.0094065031158714,0.0029996347158127,0.0053118803921745,3.5481338923358
0.28674773755813,0.0097166637964175,0.0029933489215649,0.0053930849331543,0.0095408661433444,0.0029391920909628,0.0052955111471371,3.4873858413522
0.29174270140012,0.0098530894767304,0.0029323283161629,0.0053751737901488,0.0096773397204325,0.0028800243166744,0.0052792967065286,3.4276778654645
0.29682467434632,0.0099895435035512,0.0028720090894597,0.0053563102731033,0.0098152686249422,0.0028219047943784,0.0052628655303776,3.3689921574149
0.3019951720402,0.010144303674887,0.0028174901671761,0.0053461645931305,0.0099559633189375,0.0027651803075763,0.0052469070615438,3.3113112148259
0.30725573652674,0.010295541826835,0.0027624178702043,0.0053329718474678,0.010098326152299,0.0027095025294885,0.005230816404086,3.2546178349805
0.3126079367124,0.010442830439597,0.0027068138745813,0.0053166529248956,0.010242557821185,0.0026549025938848,0.0052146901468333,3.1988951096914
0.31805336883295,0.010585721721077,0.0026507003810685,0.0052971290903605,0.010389725608879,0.002601622294285,0.0051990520073916,3.1441264202588
0.32359365692963,0.010751284934124,0.0026007615707663,0.0052878661757867,0.010538928240281,0.0025493919780129,0.0051834215642398,3.0902954325136
0.32923045333341,0.010917327441062,0.0025512704784064,0.0052775993788349,0.010690299975507,0.0024982164252249,0.0051678509062659,3.0373860919461
0.33496543915783,0.011079982942257,0.0025013776167522,0.0052645247958157,0.010843981444046,0.0024480987562864,0.0051523914337289,2.985382618918
0.34080032480036,0.011238832394015,0.0024511018744686,0.005248573439308,0.011000976653957,0.0023992273887684,0.0051374939894248,2.934269503956
0.34673685045253,0.011393434065029,0.0024004618647107,0.0052296753227325,0.011160561194457,0.0023513983038964,0.0051227848542739,2.8840315031266
0.35277678661887,0.011572513964085,0.002355417411105,0.0052209291204978,0.011322881248897,0.0023046082917071,0.0051083075487116,2.8346536334897
0.35892193464501,0.011755605736746,0.0023114535988796,0.0052127283822592,0.011488101206936,0.0022588553472886,0.0050941102109673,2.7861211686298
0.36517412725484,0.011935865409791,0.0022672221743984,0.0052020437068246,0.011656387159537,0.002214135174463,0.0050802378701287,2.7384196342644
0.37153522909717,0.012112891297145,0.0022227365313637,0.0051888116160254,0.01182791288705,0.0021704424995567,0.0050667351234407,2.6915348039269
0.37800713730181,0.012286253813573,0.0021780089015284,0.0051729653171463,0.012002855262971,0.0021277702710023,0.0050536440907224,2.645452694724
0.38459178204535,0.012459824028769,0.002133791969304,0.0051562265710041,0.012181393320943,0.0020861096579811,0.0050410040918933,2.6001595631653
0.39129112712685,0.012667580734297,0.002095722848881,0.005152449745986,0.012363711376883,0.0020454507433571,0.0050288530130139,2.5556419010641
0.3981071705535,0.012873567341641,0.0020574963652207,0.0051465831396034,0.012549989026252,0.0020057810022519,0.0050172232925521,2.5118864315096
0.40504194513649,0.013077403124219,0.0020191179003901,0.0051385619329466,0.012740412561265,0.0019670874115033,0.005006146738423,2.4688801049062
0.41209751909733,0.013278670310502,0.0019805907921409,0.0051283147474444,0.012935156952552,0.001929353779863,0.0049956475015285,2.4266100950824
0.41927599668461,0.0134769092718,0.0019419161436844,0.0051157626686427,0.013134402521619,0.0018925636271627,0.0049857489384173,2.3850637954651
0.42657951880159,0.013675707570774,0.0019036625801488,0.0051023458094822,0.013338313650197,0.0018566972455913,0.0049764656348812,2.3442288153199
0.43401026364474,0.013918052539077,0.001871624144502,0.0051038576759725,0.013547054251063,0.0018217343088755,0.0049678097299876,2.3040929760558
0.44157044735331,0.014159924928444,0.0018395056172911,0.0051036517755714,0.013760770673408,0.0017876517763976,0.0049597848883714,2.2646443075931
0.44926232467029,0.014400911664663,0.0018072996060902,0.00510164306659,0.013979597834756,0.0017544251536554,0.0049523891284189,2.225871044793
0.45708818961487,0.014640541956889,0.0017749957643571,0.0050977347872727,0.014204237705738,0.0017220989385398,0.004945816684413,2.1877616239496
0.46505037616661,0.014878279880623,0.0017425806676646,0.0050918172481028,0.0144356787774,0.0016907421398138,0.0049403451727351,2.1503046793403
0.47315125896148,0.015113516438173,0.0017100377202279,0.0050837666345498,0.014672897077142,0.0016601832915311,0.0049355545347841,2.1134890398366
0.48139325400014,0.01534556114393,0.0016773470974084,0.0050734438444585,0.014915977352821,0.0016303914261004,0.0049314178070762,2.0773037255726
0.48977881936845,0.015615197763377,0.0016488747077132,0.0050741999022479,0.015164958748813,0.0016013320678575,0.0049278935410792,2.0417379446695
0.49831045597053,0.015908848887377,0.0016228520339314,0.0050811128480273,0.015420373796672,0.001573022985954,0.0049250992308956,2.0067810900182
0.5069907082747,0.016202778485779,0.0015967232978632,0.0050863890824789,0.015684769206264,0.0015456754182765,0.0049237751983069,1.9724227361149
0.51582216507231,0.016496300685229,0.001570459465917,0.0050898695036052,0.015955529276483,0.0015189776462068,0.0049230165858319,1.9386526359522
0.52480746024977,0.016788622352888,0.0015440281986418,0.0050913756814054,0.016232586125153,0.0014928902555132,0.0049227502118246,1.9054607179632
0.53394927357418,0.017078832911542,0.001517393981593,0.0050907090147253,0.016516272366033,0.0014674124640936,0.0049230258916932,1.8728370830175
0.54325033149243,0.017365894187984,0.0014905183189003,0.0050876500873463,0.016810629873641,0.0014428598670291,0.0049249754501069,1.840772001469
0.55271340794443,0.017648630497634,0.0014633599944699,0.0050819582669891,0.017111423608993,0.0014188167609484,0.004927268474533,1.8092559102538
0.56234132519035,0.018009525183839,0.0014425883826025,0.0050970905236609,0.017418375644441,0.0013952364702554,0.0049297822418168,1.7782794100389
0.57213695465233,0.018377405884711,0.0014220811336714,0.0051121582716567,0.017734765245557,0.0013723522908519,0.0049333908939452,1.7478332624182
0.58210321777087,0.0187455271422,0.0014013216288193,0.0051252817120606,0.018060203483248,0.0013500902679327,0.0049379049160161,1.7179083871576
0.59224308687613,0.019112682349273,0.0013802628830762,0.0051361976249681,0.018391430714836,0.0013281761669273,0.0049423739185882,1.6884958594868
0.60255958607436,0.019477505244622,0.0013588561912803,0.0051446213264291,0.018730414910874,0.0013067351258405,0.0049472912877256,1.6595869074376
0.61305579214982,0.019838462777497,0.001337051650557,0.0051502475087287,0.019080480829931,0.0012859659880511,0.0049534684194968,1.6311729092278
0.62373483548242,0.020193849574773,0.0013147987555657,0.005152751526223,0.019435479557816,0.0012654221396381,0.0049592424952754,1.60324539069
0.63459990098129,0.020541784367691,0.0012920470639826,0.0051517911624248,0.019797426886795,0.001245228108018,0.0049651095079432,1.5757960227439
0.64565422903466,0.020880748373408,0.0012687797172515,0.0051471419270516,0.020170934476598,0.0012256492001269,0.0049721715283218,1.5488166189125
0.65690111647627,0.021340014668231,0.0012526648208653,0.0051702887396782,0.02054790969823,0.0012061680379071,0.0049783764345223,1.5222991328804
0.66834391756861,0.021797805188827,0.0012360980872615,0.0051907827252167,0.02093252793498,0.001187030415119,0.0049847314194597,1.4962356560944
0.67998604500332,0.02225228387514,0.0012190310260437,0.0052082842130713,0.021326897482072,0.0011683362420585,0.004991691823317,1.4706184154046
0.69183097091894,0.022701452577326,0.0012014171147912,0.0052224432650838,0.021722531960618,0.0011496102104123,0.0049972436940712,1.4454397707459
0.70388222793646,0.023143157925984,0.0011832126017302,0.0052329032192328,0.022129030242799,0.0011313645065677,0.0050035986431235,1.4206922128602
0.7161434102129,0.02357510159002,0.0011643773275661,0.0052393047044896,0.022540094358894,0.0011132581860774,0.0050092858333296,1.3963683610559
0.72861817451323,0.023994854078598,0.0011448755500535,0.0052412900856267,0.022951400689004,0.001095088863731,0.0050133644692517,1.3724609610076
0.74131024130092,0.02439987214605,0.0011246767524324,0.0052385082766934,0.023376790046241,0.0010775192654342,0.0050188585992071,1.3489628825917
0.75422339584757,0.024787519737544,0.0011037564145864,0.0052306198401338,0.023798625160461,0.0010597222092943,0.0050219450049965,1.3258671177606
0.76736148936182,0.02520367168844,0.0010841864649538,0.0052273779002236,0.024229470548236,0.0010422792498699,0.0050253233117641,1.3031667784523
0.78072844013791,0.025750846725065,0.0010701180299335,0.005249423336572,0.024662414481215,0.0010248864699409,0.0050275416376071,1.2808550945363
0.79432823472428,0.02628993289143,0.0010554305113906,0.0052675608507188,0.025095181394368,0.0010074662511265,0.0050281754464938,1.2589254117942
0.80816492911254,0.026818808836142,0.0010401109107848,0.005281527779414,0.02553781121386,0.00099043012101648,0.0050292561528559,1.2373711899354
0.82224264994707,0.027335356661744,0.0010241531669438,0.0052910860978313,0.025971591850122,0.00097305802053428,0.0050271130637578,1.2161860006464
0.83656559575581,0.027837491147586,0.0010075584727706,0.0052960268188925,0.026422484343198,0.00095634329367169,0.0050268246143826,1.1953635256737
0.85113803820238,0.028323189149294,0.00099033543833441,0.005296173896427,0.026859748063885,0.00093916543903963,0.0050225239753447,1.1748975549395
0.86596432336007,0.028790517927825,0.00097250007884767,0.0052913874319383,0.027315258163257,0.00092266803897399,0.0050202505598386,1.1547819846895
0.88104887300801,0.029237660958744,0.00095407560894969,0.0052815659783324,0.027756391176069,0.00090573920570875,0.0050139856099868,1.1350108156723
0.89639618594995,0.029662939596711,0.00093509202889101,0.0052666477355487,0.028216147922993,0.00088948348907825,0.0050097702245604,1.1155781513509
0.91201083935591,0.030107939349367,0.00091689836860711,0.0052541336556616,0.028659900838741,0.0008728002278255,0.0050014365917714,1.0964781961432
0.92789749012733,0.030534738260764,0.00089832682660462,0.0052373824113764,0.029126933651009,0.00085690945348812,0.0049959128091542,1.0777052536943
0.94406087628592,0.031090584936754,0.00088362716840914,0.0052414201827222,0.029576412299979,0.00084059278735013,0.0049861527107637,1.0592537251773
0.96050581838673,0.031716259783044,0.0008708074460836,0.0052553549053319,0.030050871585032,0.00082508224224908,0.0049794016215724,1.0411181076233
0.97723722095581,0.032335187151598,0.00085766077164832,0.0052661771299333,0.030514192358721,0.00080936057805723,0.0049696060574661,1.0232929922808
0.99426007395296,0.032947310350284,0.00084422874309269,0.0052739990903777,0.03099288768526,0.00079414939602541,0.0049611473507982,1.0057730630017
1.0115794542599,0.033552714667663,0.0008305539177115,0.0052789524166338,0.031477043778772,0.00077917337799293,0.0049523806931957,0.98855309465694
1.0292005271944,0.034151584602705,0.00081667832027865,0.0052811796739167,0.031958856004682,0.0007642428643813,0.0049420974955344,0.97162795157711
1.0471285480509,0.034744146181247,0.00080264187007269,0.0052808244114906,0.032472053519788,0.00075015312295372,0.0049354850173604,0.95499258602144
1.0653688636676,0.035330594469581,0.00078848078176239,0.0052780199646747,0.032976322026895,0.00073593995690621,0.0049263163734578,0.93864203667214
1.0839269140212,0.035911007248377,0.00077422600431901,0.0052728773599414,0.033506142865334,0.00072237815362146,0.0049197668255759,0.92257142715476
1.1028082338496,0.036485246802888,0.00075990176961859,0.0052654727812881,0.034052477941888,0.00070923292331658,0.0049143807826519,0.9067759645839
1.122018454302,0.037052852886883,0.000745524327479,0.0052558351600552,0.03459373952269,0.00069604557768795,0.0049070173639857,0.89125093813375
1.1415633046188,0.037612931077856,0.0007311009457188,0.0052439345421426,0.035182105075564,0.00068385179128638,0.0049050326784997,0.87599171763312
1.1614486138403,0.03818148109809,0.00071695671816722,0.0052320616761321,0.035777795691573,0.00067182126634607,0.0049026813080786,0.8609937521846
1.1816803125448,0.038793658356378,0.00070372163701252,0.005224934139705,0.036370613863029,0.00065976731793931,0.0048985857510323,0.84625256880727
1.2022644346174,0.039398151366922,0.00069042421038129,0.0052154997409634,0.037023089966644,0.00064880297093219,0.0049010907728228,0.83176377110267
1.2232071190499,0.039991842977873,0.00067703572569829,0.0052034513961924,0.037678926168483,0.000637879557992,0.0049025112717836,0.81752303794365
1.2445146117714,0.040755267159078,0.00066653646195703,0.0052119930524058,0.038330666308768,0.00062688306289782,0.004901922632861,0.80352612218562
1.2661932675109,0.041713113507633,0.00065904151767467,0.0052431549312419,0.039044790012383,0.00061688364888756,0.0049077584020495,0.78976884939989
1.2882495516931,0.042684095192931,0.00065148773988764,0.0052733447361604,0.039761943092014,0.00060688690533253,0.0049123316859838,0.77624711662869
1.3106900423661,0.043664725189945,0.00064382953961175,0.0053021354109751,0.040469446454789,0.00059671565470724,0.0049141379953059,0.76295689116153
1.3335214321633,0.044650749277081,0.0006360172850273,0.0053290382180693,0.041230864071353,0.0005873035201103,0.0049208771175772,0.74989420933246
1.3567505302999,0.045637229165378,0.00062799969982171,0.0053535190497982,0.041999699870194,0.00057794479186071,0.0049268151781543,0.73705517533793
1.3803842646029,0.046618673789197,0.00061972652098735,0.005375018932099,0.042749870579742,0.00056829648751575,0.0049289553956412,0.72443596007499
1.4044296835779,0.04758921675188,0.00061115127835778,0.0053929779022315,0.04353444995394,0.00055907906365998,0.0049334774264408,0.7120327999992
1.4288939585111,0.048542833769109,0.00060223403094089,0.0054068610537043,0.044338572957701,0.00055007496359793,0.0049385766072515,0.69984199600227
1.4537843856077,0.049473589370619,0.00059294387552041,0.0054161851719933,0.045114639710196,0.00054070160772198,0.0049389835212421,0.68785991230881
1.4791083881682,0.050375897438801,0.00058326103425115,0.0054205440724603,0.04588932557339,0.00053131471310342,0.0049377802554929,0.67608297539198
1.5048735188025,0.051244775821271,0.00057317833304428,0.0054196305392955,0.046715031063732,0.00052251265039405,0.0049405662321591,0.66450767290778
1.531087461682,0.0521809605696,0.00056383526727383,0.0054241557729628,0.04750756390971,0.00051333742618309,0.0049383611230488,0.65313055264747
1.5577580348316,0.053109815545189,0.00055438945447567,0.0054261885027522,0.048263717243008,0.00050380321600915,0.0049310664124085,0.64194822150804
1.5848931924611,0.054006070367291,0.00054460640597685,0.0054232879218849,0.049087601882817,0.00049500773260508,0.004929375468255,0.63095734448019
1.6125010273377,0.054868857013027,0.00053452261068896,0.0054155927372839,0.049906155801503,0.00048617686135026,0.0049257708218746,0.62015464365379
1.6405897731995,0.055698326939928,0.0005241822583592,0.0054033392270152,0.050694979502893,0.00047709527921655,0.0049179604919936,0.60953689724017
1.6691678072111,0.056495438756505,0.00051363375068628,0.0053868324742069,0.051456255622353,0.00046781952938701,0.0049063470412586,0.59910093861135
1.6982436524617,0.057261621026329,0.00050292567313269,0.0053664084171199,0.052334115578599,0.00045964766336372,0.0049046155751404,0.58884365535559
1.7278259805079,0.057998323728385,0.00049210254292436,0.0053423892213212,0.053196993597404,0.00045136435231837,0.0049001251576237,0.57876198834912
1.7579236139587,0.058706487121882,0.0004812007121004,0.0053150355979958,0.05404712318499,0.00044300920458075,0.0048931966087681,0.56885293084384
1.7885455291078,0.059503808821099,0.00047117792274055,0.0052949864055988,0.054886080914252,0.00043461267614481,0.0048840747853861,0.55911352757056
1.81970085861,0.06095769979159,0.00046630356769807,0.0053314906819281,0.055838720790375,0.00042714529598836,0.0048837738399332,0.54954087385762
1.8513988942053,0.062444482479211,0.00046146018746263,0.0053680203605113,0.05682680613049,0.00041994596750175,0.0048850985742872,0.54013211476464
1.8836490894898,0.063965314490206,0.00045665130908162,0.0054046132699547,0.057813927604106,0.00041273627643318,0.0048848649116732,0.53088444423099
1.9164610627354,0.065519259102849,0.00045186545953009,0.0054411294895986,0.058795656421273,0.0004054949135714,0.0048827594266888,0.521795104239
1.949844599758,0.067103010009214,0.00044707683634213,0.005477243962428,0.059792334041009,0.00039836912735949,0.0048805143104702,0.51286138399136
1.9838096568365,0.068710845027319,0.00044224757191698,0.0055124590136976,0.060938064766552,0.00039221917834968,0.0048888728448342,0.50408061910267
2.0183663636816,0.070334850548992,0.00043733147660864,0.0055461377595259,0.062070640269733,0.00038594586540421,0.0048944771911917,0.49545019080479
2.0535250264571,0.071965429392505,0.0004322789506233,0.0055775568395981,0.063178960811326,0.00037950075628722,0.0048965767030997,0.48696752516586
2.089296130854,0.073592066967588,0.00042704256849042,0.005605974072216,0.064251327853669,0.00037283980741613,0.0048944307843908,0.47863009232264
2.1256903452171,0.075204287935189,0.00042158269040313,0.0056307038669751,0.06535463737488,0.00036636719276655,0.0048932397273494,0.47043540572598
2.162718523727,0.076792693533641,0.00041587237098562,0.005651190983696,0.066570614370786,0.00036051449639828,0.0048989459595721,0.46238102139926
2.2003917096374,0.078349935724148,0.00040990084351527,0.0056670719726059,0.067742415076132,0.0003544058182668,0.0048998271445455,0.45446453720951
2.2387211385683,0.079871466319842,0.00040367497309921,0.0056782138052434,0.068865162948611,0.0003480484844166,0.0048957548542964,0.44668359215096
2.2777182418573,0.081355904796186,0.0003972182986629,0.0056847211091945,0.069937076389696,0.00034146613655848,0.0048868336657783,0.43903586564094
2.3173946499685,0.082804902802164,0.00039056760557637,0.0056869071222788,0.07100793067156,0.00033492458200917,0.0048767101102596,0.43151907682777
2.3577621959613,0.084222447706827,0.00038376735280378,0.0056852287379757,0.072266270705934,0.00032928792929833,0.0048781564795391,0.42413098391049
2.3988329190195,0.085894681045218,0.0003780997923554,0.0056988385718171,0.073502814456301,0.00032355203541456,0.004876677683222,0.41686938347034
2.440619068042,0.08758806628498,0.00037246468859207,0.0057116951803485,0.074723058239341,0.00031775676525622,0.0048727566403613,0.40973210981354
2.4831331052956,0.089286788816695,0.00036679834835464,0.0057227831225596,0.075930908586918,0.00031193116280537,0.0048667459979318,0.40271703432546
2.5263877101319,0.090992156697597,0.00036111383406168,0.0057322357396229,0.077127021431479,0.00030608829848314,0.0048587733798804,0.39582206483572
2.5703957827689,0.092700820023733,0.00035540517188377,0.0057398911901099,0.07839040212242,0.00030054053818751,0.0048538122792922,0.38904514499428
2.615170448138,0.094404130218563,0.0003496480920846,0.0057452784106453,0.079886731159423,0.000295879460656,0.0048617736402491,0.38238425365811
2.6607250597988,0.096088433817745,0.00034380428263204,0.0057476617035057,0.081376822073072,0.0002911661562595,0.0048676664318367,0.37583740428844
2.7070732039214,0.097736375417992,0.00033782858687789,0.0057461414526643,0.082845733774107,0.00028635865664215,0.0048706871211448,0.36940264435828
2.7542287033382,0.099329070017331,0.00033167790138013,0.005739795944926,0.084276263508691,0.00028141383194109,0.004869959574335,0.3630780547701
2.8022056216667,0.10084877632032,0.00032532002757724,0.0057278378725012,0.085651414479679,0.0002762960695929,0.0048646838721347,0.35686174928348
2.8510182675039,0.10228151428182,0.0003187405492365,0.0057097518368951,0.086957008545776,0.0002709846921847,0.0048542783391643,0.35075187395257
2.9006811986932,0.1036189820335,0.00031194604866637,0.0056853787923216,0.088528148947828,0.00026651493498648,0.0048573731441288,0.34474660657315
2.9512092266664,0.10485918899492,0.00030496265642542,0.005654921469526,0.090133141211818,0.00026213479657233,0.0048607646143364,0.3388441561392
3.0026174208613,0.10600545477188,0.0002978299585408,0.0056188611123437,0.091691550029318,0.00025761401243493,0.0048601469226177,0.33304276230875
3.0549211132155,0.10706380462464,0.00029059145530504,0.0055777976654202,0.093210254414854,0.00025299029466334,0.0048560570147043,0.32734069487884
3.1081359027395,0.10803924746457,0.00028328378600255,0.0055322479209297,0.094697857324587,0.00024830205854622,0.0048490899057051,0.32173625326956
3.1622776601684,0.10893183234944,0.00027592749389861,0.0054824526907183,0.096160947343264,0.00024357847140795,0.0048397041813537,0.31622776601684
3.2173625326956,0.10973360493999,0.00026852196354785,0.0054282486186312,0.097600444701524,0.00023883169671431,0.0048280513468827,0.31081359027395
3.2734069487884,0.11195562110734,0.00026465863678253,0.0054433465866514,0.099258284794682,0.00023464263860362,0.0048259948039232,0.30549211132155
3.3304276230875,0.11533459513618,0.000263390291508,0.0055116252261812,0.10117922061389,0.00023106357967076,0.0048351662746324,0.30026174208613
3.388441561392,0.11881655805493,0.00026213024586031,0.0055808076095862,0.10308341934595,0.00022742017189879,0.0048418228951058,0.29512092266664
3.4474660657315,0.12238737207215,0.00026084155292834,0.0056501072724434,0.1049487503178,0.00022367499642566,0.0048450398710652,0.29006811986932
3.5075187395257,0.126030116187,0.00025948634220257,0.0057186618938987,0.10675408076332,0.00021979846381613,0.0048440048470124,0.28510182675039
3.5686174928348,0.12973053529198,0.00025803723382196,0.005785785034806,0.10848428679232,0.00021577792162836,0.0048382345885025,0.28022056216667
3.630780547701,0.13348207540931,0.00025648567720817,0.0058511742844073,0.11013351071183,0.00021162143300227,0.0048276921358355,0.27542287033382
3.6940264435828,0.13728866601384,0.00025484425793805,0.0059150002716486,0.1117052600396,0.00020735465591674,0.0048127544877753,0.27070732039214
3.7583740428844,0.14116393375914,0.00025314183251788,0.0059778337947137,0.11331126840291,0.00020319511765222,0.0047983639414337,0.26607250597988
3.8238425365811,0.14512667292724,0.00025141281257075,0.0060404225861832,0.11547338043476,0.00020004239583658,0.0048062013771291,0.2615170448138
3.8904514499428,0.14919384074244,0.00024968420039368,0.0061033879795929,0.1176353053407,0.00019686923405079,0.0048123562274374,0.25703957827689
3.9582206483572,0.15337355738845,0.00024796515610331,0.0061669520915884,0.11979473896134,0.00019367693918496,0.0048167912942637,0.25263877101319
4.0271703432546,0.1576609925539,0.00024624330066359,0.0062308075874938,0.12193681338695,0.00019044738279532,0.0048189777936764,0.24831331052956
4.0973210981354,0.16203924198368,0.00024448958896295,0.0062941963481018,0.12403692239865,0.00018715056798728,0.0048180473719444,0.2440619068042
4.1686938347034,0.1664854177156,0.00024267015504643,0.0063561814110371,0.12606785481803,0.00018375727012514,0.004813095142618,0.23988329190195
4.2413098391049,0.17097982388669,0.00024076038709892,0.0064160087737677,0.12800847094595,0.00018025149585668,0.0048035110461342,0.23577621959613
4.3151907682777,0.17551429918254,0.00023875510801039,0.0064734021548716,0.12985000707827,0.00017663718916074,0.0047891899380592,0.23173946499685
4.3903586564094,0.18009560222259,0.00023667003519575,0.006528647066324,0.13159667500492,0.00017293587028606,0.0047705120813941,0.22777182418573
4.4668359215096,0.18474156550294,0.00023453344726038,0.0065824065667264,0.13357242347667,0.00016957310528154,0.0047592321469876,0.22387211385683
4.5446453720951,0.18947113212209,0.00023237169057007,0.0066353392743275,0.13617020453099,0.00016700222497087,0.0047687238472588,0.22003917096374
4.6238102139926,0.19429281336274,0.00023019553969636,0.0066877005787609,0.13876959361761,0.0001644123678245,0.0047765507920166,0.2162718523727
4.7043540572598,0.199197647148,0.00022799450074626,0.0067391370450035,0.14135905140589,0.00016179451320178,0.0047823758644509,0.21256903452171
4.7863009232264,0.20416108838242,0.00022574240093858,0.0067888006503124,0.14391293276102,0.00015912557689119,0.004785418314808,0.2089296130854
4.8696752516586,0.20915370484901,0.00022341160541723,0.0068357417285383,0.14640125373719,0.00015638135196378,0.0047848120118365,0.20535250264571
4.9545019080479,0.21415525013522,0.00022098810273468,0.0068793722401141,0.14880236296613,0.00015355006171251,0.004780022177398,0.20183663636816
5.0408061910267,0.21916382591214,0.00021847866869442,0.0069197269390678,0.15111105620861,0.00015063864781545,0.0047710758930485,0.19838096568365
5.1286138399136,0.22419380959079,0.00021590553903171,0.006957347577006,0.15333657964745,0.00014766784570229,0.0047584537807881,0.1949844599758
5.21795104239,0.22926271510967,0.00021329152474681,0.0069928387707236,0.15549085064185,0.00014465884957226,0.0047426920175004,0.19164610627354
5.3088444423099,0.23437465139489,0.00021064483107205,0.0070263652659569,0.15757384510872,0.00014161990550922,0.0047239382992395,0.18836490894898
5.4013211476463,0.24004230960984,0.0002084145160578,0.007073068767567,0.15956593351549,0.00013854164654137,0.0047017578798941,0.18513988942053
5.4954087385762,0.24691946577919,0.0002071073425675,0.0071511421735072,0.1620819799416,0.00013594865045514,0.0046941268023093,0.181970085861
5.5911352757056,0.2539203236136,0.00020574895135595,0.0072279900602768,0.16532316722452,0.00013395961302826,0.00470602034696,0.17885455291078
5.6885293084384,0.26103149071781,0.00020433044041853,0.0073031965235419,0.16851007559637,0.00013190645261567,0.0047146119990848,0.17579236139587
5.7876198834912,0.26826283115204,0.00020286198520737,0.0073770136562739,0.17164417174344,0.00012979836707014,0.0047200776698489,0.17278259805079
5.8884365535559,0.27563939349249,0.00020136382541714,0.0074500874296419,0.17473965995792,0.0001276531846025,0.0047229306653801,0.16982436524617
5.9910093861135,0.28318028007029,0.00019984954988709,0.0075228619227624,0.17780531647911,0.00012548300487966,0.0047235098597735,0.16691678072111
6.0953689724017,0.29088098679157,0.00019831497172419,0.0075951336176972,0.18082957660073,0.0001232848278123,0.0047216038815843,0.16405897731995
6.2015464365379,0.29871470829541,0.00019674186081322,0.0076661390257625,0.18378187310376,0.00012104388131573,0.0047165316956377,0.16125010273377
6.3095734448019,0.30665301654193,0.00019511354008212,0.0077351247975942,0.18663019123832,0.00011874684198234,0.0047076263475461,0.15848931924611
6.4194822150804,0.31468860706408,0.00019342882228924,0.007801913012348,0.18936003496595,0.00011639343697198,0.0046947060924857,0.15577580348316
6.5313055264747,0.32283890224301,0.00019170172878476,0.0078669419521793,0.1919772105354,0.00011399606085642,0.004678102796566,0.1531087461682
6.6450767290778,0.33112550937629,0.00018994716101604,0.0079307219372525,0.1944907148636,0.00011156784387258,0.0046582088521843,0.15048735188025
6.7608297539198,0.33954805417276,0.00018816611294522,0.0079932119646486,0.19689135555718,0.00010911056798123,0.004634967921727,0.14791083881682
6.8785991230881,0.34807864185786,0.00018634491374606,0.0080537372997787,0.1991474955273,0.00010661419120318,0.0046078139248219,0.14537843856077
6.9984199600227,0.3566842062045,0.00018446927755998,0.0081115521224732,0.20122331431369,0.00010406830124233,0.0045761302965472,0.14288939585111
7.120327999992,0.36535456404362,0.0001825385954327,0.0081664746956963,0.20408960995521,0.00010196733368078,0.00456184977384,0.14044296835779
7.2443596007499,0.37410543928765,0.00018056525691544,0.0082189077594554,0.20820926037418,0.00010049401757757,0.0045742524057878,0.13803842646029
7.3705517533793,0.3829513215396,0.00017855982025971,0.0082692030536402,0.21231811660469,9.8998182292197e-05,0.004584660032278,0.13567505302999
7.4989420933246,0.39187792649923,0.00017651880104332,0.0083170801211113,0.21641370771944,9.7482112751887e-05,0.0045930888797149,0.13335214321633
7.6295689116153,0.4008472635631,0.000174429160531,0.0083617851972206,0.22047009391025,9.5937821955224e-05,0.0045990673637177,0.13106900423661
7.7624711662869,0.40983096614364,0.00017228399640943,0.0084028159981975,0.22445792037578,9.4357212467287e-05,0.0046020890563811,0.12882495516931
7.8976884939989,0.4188312733216,0.00017009019132292,0.0084403253143047,0.22836815516228,9.2741840635638e-05,0.0046020955066485,0.12661932675109
8.0352612218562,0.42786166121718,0.00016785857832201,0.0084746828949766,0.23220944198459,9.1100349336264e-05,0.0045993870552472,0.12445146117714
8.1752303794365,0.43691073621371,0.00016558953411929,0.0085057536562814,0.23598162840527,8.9437234358153e-05,0.0045940770785763,0.12232071190499
8.3176377110267,0.44593787510079,0.00016327305827274,0.0085328565361991,0.23966014446466,8.7747748997521e-05,0.0045858083476302,0.12022644346174
8.4625256880727,0.45490825920631,0.00016090294363335,0.0085554706468679,0.24321294754262,8.6025431276251e-05,0.0045741117940341,0.11816803125448
8.609937521846,0.4638187133195,0.00015848509856926,0.0085737013301555,0.24662700514345,8.4271514058289e-05,0.0045589067912274,0.11614486138403
8.7599171763312,0.47267575613903,0.00015602834255196,0.0085878294577191,0.24990635883409,8.2493071530857e-05,0.0045404342452366,0.11415633046188
8.9125093813375,0.49227489768925,0.00015698127716986,0.0087907873457344,0.25304408986907,8.0693093623894e-05,0.0045187288516548,0.1122018454302
9.067759645839,0.51562750687309,0.00015884598602628,0.0090501579959428,0.25601016825756,7.8867374349823e-05,0.0044934229466332,0.11028082338496
9.2257142715476,0.53843592283506,0.00016024120218306,0.009288682337858,0.25877422015542,7.7012491873411e-05,0.0044641737787375,0.10839269140212
9.3864203667214,0.56053020265937,0.00016115329357964,0.0095042773691334,0.26132749120893,7.5132054814211e-05,0.0044310350251346,0.10653688636676
9.5499258602144,0.58174806883708,0.00016157535462782,0.0096951611913572,0.2636683902454,7.3231551491365e-05,0.0043941831205471,0.10471285480509
9.7162795157711,0.6018910319459,0.00016149461296242,0.0098591155409425,0.26577549353036,7.1310765877033e-05,0.0043534645967317,0.10292005271944
9.8855309465694,0.6207234507357,0.00016089343386813,0.0099935142703326,0.2676138768602,6.9366342688951e-05,0.0043085259533399,0.10115794542599
10.057730630017,0.65014044559668,0.00016279735782775,0.010287912653211,0.26916377376632,6.7399515733691e-05,0.0042592849170844,0.099426007395296
10.232929922808,0.68669063401275,0.00016611210872824,0.010680244812727,0.27374364263904,6.6219242665358e-05,0.004257592829289,0.097723722095581
10.411181076233,0.72357877561849,0.00016909313923237,0.011061293172647,0.27925396732578,6.5258865474387e-05,0.0042689339520426,0.096050581838673
10.592537251773,0.76065237842166,0.00017172218074964,0.011428949436189,0.28474361207342,6.4282707064217e-05,0.0042783279681814,0.094406087628592
10.777052536943,0.79774570667179,0.00017398212985307,0.01178106519496,0.2901919700433,6.3288610132457e-05,0.0042855392257731,0.092789749012733
10.964781961432,0.8347129312354,0.00017586414666336,0.012115943106526,0.29559753786977,6.2278906685101e-05,0.004290628331298,0.091201083935591
11.155781513509,0.87139193452652,0.00017735919272598,0.012431788690915,0.30095926938581,6.1255895248411e-05,0.0042936615469242,0.089639618594995
11.350108156723,0.90757495781639,0.00017845251444085,0.012726312634298,0.30625675927781,6.0217933832291e-05,0.0042944323566547,0.088104887300801
11.547819846895,0.94305052111291,0.00017913280517484,0.012997356857013,0.31146957118936,5.9163763514928e-05,0.0042927511052871,0.086596432336007
11.748975549395,0.97762474396948,0.0001793958336684,0.013243179601563,0.31659457677173,5.8095653148314e-05,0.0042886791347416,0.085113803820238
11.953635256737,1.011074085607,0.00017923513480765,0.013461797800973,0.32162473392264,5.7015062855155e-05,0.0042822254051337,0.083656559575581
12.161860006464,1.0431394011657,0.00017864156603918,0.013650936093229,0.32653629523984,5.5920575030614e-05,0.0042731835203017,0.082224264994707
12.373711899354,1.0735776672554,0.00017761254453455,0.013808724098797,0.3313122248153,5.481224980703e-05,0.0042614514464792,0.080816492911254
12.589254117942,1.152780144284,0.00018424115816685,0.014573590803046,0.33594814312345,5.3692349994036e-05,0.0042470984542898,0.079432823472428
12.808550945363,1.2342630602015,0.00019056708850917,0.015336554953347,0.34042804985959,5.2561228153423e-05,0.0042300492193939,0.078072844013791
13.031667784523,1.3138715715064,0.00019597157514508,0.016046229507472,0.34472738333427,5.1418091214349e-05,0.004210133494364,0.076736148936182
13.258671177606,1.390695248902,0.00020038819734721,0.016693678863175,0.34883498576544,5.0264365269362e-05,0.004187358253511,0.075422339584757
13.489628825917,1.4637764389421,0.00020375811767668,0.017270099359827,0.35274053885571,4.9101588407476e-05,0.0041617449169218,0.074131024130092
13.724609610076,1.532086096029,0.00020602662051554,0.0177665562421,0.35641992342403,4.7929416302248e-05,0.0041331584639602,0.072861817451323
13.963683610559,1.617321469882,0.00021010506368132,0.018433866399178,0.35985489267636,4.6748489122153e-05,0.0041015451400459,0.07161434102129
14.206922128602,1.7484253051489,0.00021942557796724,0.019586965898649,0.36303580292432,4.556061997323e-05,0.0040669566328781,0.070388222793646
14.454397707459,1.871271597157,0.00022686995937009,0.020604254687258,0.36594157865787,4.4366168549808e-05,0.0040293207564201,0.069183097091894
14.706184154046,1.983017352836,0.00023225586092085,0.0214608341521,0.36855029365198,4.3165515229786e-05,0.0039885665737928,0.067998604500332
14.962356560944,2.1591130139402,0.00024429554241575,0.022966534019687,0.37085075974472,4.1960373043092e-05,0.0039447479288546,0.066834391756861
15.222991328804,2.3303375527329,0.00025471762768377,0.024363457331309,0.37282437034797,4.0751580837018e-05,0.0038978433096067,0.065690111647627
15.488166189125,2.5244492574721,0.00026656726316421,0.025941000935994,0.37444843179305,3.9539591997644e-05,0.0038477965405222,0.064565422903466
15.757960227439,2.7427477505142,0.00027978603587181,0.027701669995015,0.37571052893048,3.8326003368356e-05,0.0037946650705058,0.063459990098129
16.0324539069,3.0035682716685,0.00029599043400518,0.029816563790875,0.37659351920399,3.7111884635407e-05,0.0037384616139718,0.062373483548242
16.311729092278,3.3128720346711,0.00031538775544262,0.032323973689563,0.3770756911008,3.5897871877826e-05,0.0036791595300257,0.061305579214982
16.595869074376,3.6724386825375,0.00033774950466055,0.035218806707827,0.37714470173797,3.4685517501775e-05,0.0036168299867196,0.060255958607436
16.884958594868,4.1141534109683,0.00036552799933623,0.038779353595355,0.37678439165185,3.3475962392274e-05,0.0035515095557992,0.059224308687613
17.179083871576,4.6289142698168,0.00039730067689547,0.04288438844952,0.37597525954755,3.2270034916872e-05,0.0034832075381004,0.058210321777087
17.478332624182,5.2420426439722,0.00043465103400077,0.047733209147078,0.37470635396478,3.1069282579135e-05,0.003412016646432,0.057213695465233
17.782794100389,6.078674320662,0.00048691039142331,0.054403765428584,0.37296256266128,2.9874827600876e-05,0.003337992250004,0.056234132519035
18.092559102538,6.690786064153,0.00051774666625714,0.058856878776868,0.37072785457482,2.8687677195829e-05,0.0032611839904465,0.055271340794444
18.40772001469,6.7760683071567,0.00050654489495787,0.058586541192291,0.37381771908713,2.7944738551173e-05,0.0032320641122486,0.054325033149243
18.728370830175,6.6517835455829,0.00048037265342688,0.056527293512187,0.38013556898699,2.7452296167617e-05,0.0032304170355662,0.053394927357418
19.054607179632,5.7693001264825,0.00040249760417288,0.048188478692147,0.3863908802487,2.6956719214601e-05,0.0032273565755812,0.052480746024977
19.386526359522,4.7799045284085,0.00032215093028591,0.03924093131546,0.39257732352901,2.6458509627625e-05,0.0032228885947515,0.051582216507231
19.724227361149,4.5676667002362,0.00029739562390383,0.036856533859025,0.39868529549834,2.5957949644154e-05,0.0032169943774291,0.05069907082747
20.067810900182,4.2736439280448,0.00026880571769714,0.033893656091666,0.40470335063619,2.5455226606108e-05,0.0032096441389499,0.049831045597053
20.417379446695,3.9904985438289,0.00024247519885733,0.031106220084652,0.41062498563325,2.4950861140191e-05,0.0032008509801658,0.048977881936845
20.773037255726,3.7034150100121,0.0002173914953776,0.028374124251339,0.41643860123354,2.4445062195398e-05,0.0031905904638042,0.048139325400014
21.134890398366,3.458605878232,0.00019612874202882,0.026044807929243,0.42213469025256,2.3938184540496e-05,0.0031788579893117,0.047315125896148
21.503046793403,3.2452848697878,0.00017778413069057,0.024019994783898,0.42770540012446,2.3430680449868e-05,0.0031656639993846,0.046505037616661
21.877616239496,3.0765209336592,0.00016281711009996,0.022381024274604,0.43313866549151,2.2922771308435e-05,0.0031509900942248,0.045708818961488
22.25871044793,2.8756311243394,0.00014701895891338,0.020561427336625,0.438426889911,2.2414928107009e-05,0.0031348536197939,0.044926232467029
22.646443075931,2.7423828248099,0.00013544664367712,0.019272948640472,0.44356012571058,2.1907492182702e-05,0.0031172568047183,0.044157044735331
23.040929760558,2.5898768324951,0.00012357177307523,0.017889540861573,0.44852803178556,2.1400787661507e-05,0.0030982016022972,0.043401026364474
23.442288153199,2.4740425257234,0.00011403740546487,0.0167968268028,0.45332338683037,2.0895284674045e-05,0.0030777136347008,0.042657951880159
23.850637954651,2.3875099812969,0.00010631275273395,0.01593181591318,0.45793522128465,2.0391267190497e-05,0.0030557944062313,0.041927599668461
24.266100950824,2.2832519144592,9.8218658469189e-05,0.014975244237921,0.46235596373044,1.9889168691922e-05,0.0030324702403076,0.041209751909733
24.688801049062,2.1637488358753,8.9918077888447e-05,0.013948481507149,0.46657708466006,1.9389364395639e-05,0.003007762143709,0.040504194513649
25.118864315096,2.1064402254884,8.4564737901084e-05,0.013346556318868,0.47058927238809,1.8892185022404e-05,0.0029816873752146,0.03981071705535
25.556419010641,2.0655585572855,8.0108330143368e-05,0.012863453923324,0.47438631095603,1.8398072075721e-05,0.0029542839302789,0.039129112712685
26.001595631653,2.0154065950898,7.5509717051885e-05,0.012336238557183,0.4779589850721,1.7907328383826e-05,0.0029255714825801,0.038459178204535
26.45452694724,1.9566708179496,7.0820328261483e-05,0.011771663842756,0.48130117947331,1.7420358708399e-05,0.0028955896106321,0.037800713730181
26.915348039269,1.8901442362769,6.6089902901883e-05,0.011176736958795,0.48440599386712,1.6937514336381e-05,0.0028643731366136,0.037153522909717
27.384196342644,1.8167174321305,6.1365962586013e-05,0.010558627466176,0.48726635969053,1.6459119436712e-05,0.0028319560751605,0.036517412725484
27.861211686298,1.7373679175341,5.6693329751309e-05,0.0099245741595349,0.48987779709198,1.5985562532891e-05,0.0027983874211569,0.035892193464501
28.346536334897,1.6531403059178,5.2113456849486e-05,0.0092817485420901,0.49223345227426,1.5517126213148e-05,0.0027637019747565,0.035277678661887
28.840315031266,1.6076689819272,4.8959480410949e-05,0.0088719016015709,0.49432969778882,1.5054171864676e-05,0.0027279523874742,0.034673685045253
29.34269503956,1.5978862467641,4.7009542674718e-05,0.0086669430427689,0.49616171267722,1.4596993529981e-05,0.0026911836261715,0.034080032480037
29.85382618918,1.58490971896,4.5044803434791e-05,0.0084493755244068,0.49772553731084,1.4145883973349e-05,0.0026534444975111,0.033496543915783
30.373860919461,1.5688255816973,4.3073962929222e-05,0.0082204339878404,0.49901895297309,1.3701155904207e-05,0.0026147918605194,0.032923045333341
30.902954325136,1.5497342343386,4.1105259513149e-05,0.0079813675444061,0.50003809672712,1.3263045544839e-05,0.0025752724226859,0.032359365692963
31.441264202588,1.5277561216889,3.914661368874e-05,0.0077334648577701,0.50078234814768,1.2831847208313e-05,0.0025349482393239,0.031805336883295
31.988951096914,1.5030250344234,3.720543458625e-05,0.0074780144155877,0.50124941218761,1.2407778838957e-05,0.0024938708566366,0.03126079367124
32.546178349805,1.4756906842232,3.528868728237e-05,0.0072163139538865,0.50143891214101,1.1991077229759e-05,0.002452099655701,0.030725573652674
33.113112148259,1.4459163633192,3.3402835912821e-05,0.0069496551732884,0.50135112019939,1.1581962572362e-05,0.0024096949827232,0.03019951720402
33.689921574149,1.4138759568144,3.1553786073537e-05,0.0066793068110275,0.50098559819955,1.1180607687204e-05,0.0023667115224311,0.029682467434632
34.276778654645,1.3797562266747,2.9746955938165e-05,0.0064065238374879,0.50034476604923,1.0787219815945e-05,0.0023232152235922,0.029174270140012
34.873858413522,1.3437501777929,2.7987151725921e-05,0.0061325149904116,0.49942914226888,1.0401932897962e-05,0.0022792604996287,0.028674773755813
35.481338923358,1.3060606219293,2.627867737427e-05,0.0058584593294585,0.49824190715952,1.002490857832e-05,0.0022349115349745,0.028183829312645
36.099401358642,1.2668942437793,2.4625243319525e-05,0.0055854793002186,0.49678581964482,9.6562690583783e-06,0.002190227736761,0.027701290391637
36.728230049808,1.2264622801214,2.3030022566508e-05,0.0053146452363415,0.49506386825649,9.296113090964e-06,0.0021452668147721,0.027227013080779
37.368012538212,1.184978750738,2.1495657321973e-05,0.005046969106274,0.49308121171499,8.9445525941521e-06,0.0021000930530272,0.026760855931993
38.018939632056,1.1426565147637,2.0024231964476e-05,0.0047833899179711,0.49084114073033,8.6016372660549e-06,0.002054759705615,0.026302679918954
38.681205463305,1.0997096126097,1.8617363947006e-05,0.004524786635188,0.4883499231427,8.2674445584455e-06,0.0020093297177674,0.025852348395622
39.355007545578,1.080899341998,1.7677686183111e-05,0.0043712468888604,0.48561259347915,7.9420041261408e-06,0.0019638577395314,0.025409727055493
40.040546833055,1.09440590506,1.7290939658362e-05,0.0043500926962707,0.48263505233496,7.6253367496919e-06,0.0019183990203446,0.024974683891541
40.738027780411,1.1062938213742,1.6885372832222e-05,0.0043220578010812,0.47942474428869,7.317464308218e-06,0.0018730118672366,0.02454708915685
41.447658403794,1.1165806334816,1.6463806701329e-05,0.0042875596457762,0.47598724891071,7.0183574955333e-06,0.0018277441495381,0.024126815325916
42.169650342858,1.1252915792738,1.6028955990693e-05,0.004247028278794,0.47233119096392,6.7280125546468e-06,0.0017826525692789,0.023713737056617
42.904218923889,1.1324575592277,1.5583395842869e-05,0.0042008968590878,0.46846347169804,6.4463799618009e-06,0.0017377840880817,0.023307731152826
43.651583224017,1.138113625223,1.5129542308241e-05,0.0041495949494375,0.46439195322922,6.1734061944927e-06,0.0016931863927926,0.022908676527678
44.411966136559,1.1423022259194,1.46696985849e-05,0.0040935594959763,0.46012589242085,5.9090387812992e-06,0.0016489092584478,0.022516454167446
45.185594437492,1.1450677697962,1.4205985212666e-05,0.0040332140787746,0.45567230390236,5.6531798220209e-06,0.0016049914248601,0.022130947096056
45.972698853087,1.1464607752435,1.3740399753746e-05,0.0039689834156664,0.45104127837159,5.4057562230598e-06,0.0015614798101205,0.021752040340195
46.77351412872,1.1465349783416,1.3274784396349e-05,0.0039012824353483,0.44624113863875,5.1666586856154e-06,0.0015184122150545,0.021379620895022
47.588279098882,1.1453460586946,1.2810818940278e-05,0.0038305118433309,0.44128042321225,4.9357690287111e-06,0.0014758245986118,0.021013577690467
48.41723675841,1.1429550518096,1.2350067152548e-05,0.0037570695551444,0.43616975103033,4.712981238069e-06,0.0014337572504504,0.020653801558105
49.260634334958,1.1394224371695,1.1893917854455e-05,0.003681330855712,0.43091671247772,4.4981455631626e-06,0.0013922378023615,0.020300185198597
50.118723362727,1.134812294837,1.1443640337954e-05,0.0036036625470767,0.42553161854588,4.2911332713098e-06,0.0013513004426613,0.019952623149689
50.991759757487,1.1291903249162,1.1000370579902e-05,0.0035244165516179,0.42002409575538,4.0917997647033e-06,0.0013109746359795,0.01961101175476
51.880003892896,1.1226208785127,1.0565091982289e-05,0.0034439211435114,0.41440196550784,3.8999763562498e-06,0.0012712819779514,0.019275249131909
52.783720678158,1.1151720879329,1.0138694995438e-05,0.0033624975341221,0.40867638889583,3.7155209529427e-06,0.0012322522817651,0.018945235143566
53.703179637025,1.1069097395014,9.7219274595785e-06,0.0032804414629335,0.40285553849059,3.5382580730199e-06,0.0011939040419251,0.018620871366629
54.638654988185,1.0978995083661,9.3154268125503e-06,0.0031980310376417,0.39694800691603,3.3680132640892e-06,0.0011562552280733,0.018302061063111
55.59042572704,1.1205764007968,9.1850524271167e-06,0.0032082008961268,0.39096469385896,3.2046286247798e-06,0.0011193286600542,0.017988709151288
56.558775708915,1.1431137479106,9.0516888224085e-06,0.0032166923904383,0.38491254512803,3.0479106639287e-06,0.0010831339026065,0.017680722177343
57.543993733716,1.1619026950516,8.8881203502256e-06,0.0032135853791164,0.38711397396173,2.9612768818589e-06,0.0010706781317172,0.017378008287494
58.546373632058,1.1768786897654,8.6970479894793e-06,0.0031992765498914,0.39036982521274,2.8848046387829e-06,0.0010611977584855,0.017080477200597
59.566214352901,1.1880251974708,8.4813662837544e-06,0.0031742836757416,0.39357412734036,2.8097437166224e-06,0.0010515904294542,0.016788040181226
60.603820052707,1.1953745519475,8.2441175102184e-06,0.0031392368937339,0.39672408368387,2.7360796326934e-06,0.0010418582845888,0.016500610013202
61.659500186148,1.1990039254428,7.988417832153e-06,0.0030948577251351,0.39982082658904,2.6638243236865e-06,0.0010320137804236,0.016218100973589
62.733569598404,1.1990245593026,7.7173508753904e-06,0.0030419226210323,0.40286534043057,2.592985409277e-06,0.0010220684662193,0.015940428807122
63.826348619055,1.1955844533219,7.433963537285e-06,0.0029812633616874,0.40585480820331,2.5235438928904e-06,0.0010120239239473,0.015667510701082
64.938163157621,1.1888603568519,7.1411969863286e-06,0.0029137408940255,0.40879078405038,2.4555074936047e-06,0.00100189262576,0.015399265260595
66.06934480076,1.1790484196393,6.8418225801308e-06,0.0028402183191712,0.41167461349368,2.3888795568967e-06,0.00099168597260847,0.015135612484362
67.220230911157,1.1663683847851,6.5384665576864e-06,0.0027615685176834,0.41450340065348,2.3236369045783e-06,0.00098140480884884,0.014876473740795
68.391164728143,1.1616890372368,6.2911502648624e-06,0.0027033979163823,0.41727862415883,2.259780752638e-06,0.00097106035000991,0.014621771744567
69.58249547006,1.1978035879886,6.2665105790356e-06,0.0027397169298556,0.42000249268354,2.1973135579285e-06,0.00096066496320898,0.014371430533564
70.794578438414,1.2265349521261,6.198978015779e-06,0.0027574015311184,0.42267213336858,2.1362092112357e-06,0.00095021897720188,0.014125375446228
72.027775123834,1.247526364791,6.091018241403e-06,0.0027565750206685,0.42528819120392,2.0764596272964e-06,0.00093973068429249,0.01388353309929
73.28245331389,1.2606005833331,5.9459009643053e-06,0.002737773954154,0.42785408282896,2.0180682424787e-06,0.00092921404260373,0.013645831365889
74.558987202778,1.2657536736372,5.7675233843157e-06,0.0027019000557915,0.43036764299712,1.9610098682993e-06,0.00091867034071752,0.013412199354054
75.857757502918,1.26314441323,5.5602353317517e-06,0.0026501660694278,0.43282775531271,1.9052644752617e-06,0.00090810315829458,0.013182567385564
77.179151558501,1.2530634341913,5.3286012763842e-06,0.0025840037567353,0.43523858327882,1.8508343688825e-06,0.00089752689575086,0.01295686697517
78.523563461007,1.2359198336305,5.0772724574639e-06,0.0025050153155072,0.43760014078472,1.7977016645667e-06,0.00088694672980023,0.012735030810167
79.89139416674,1.2214263940194,4.8473844798991e-06,0.0024332536542064,0.43990934360991,1.7458356354656e-06,0.00087636145992875,0.012516992730317
81.28305161641,1.2617343669512,4.8373565567506e-06,0.0024705179644862,0.44216909498653,1.6952296987788e-06,0.00086578183262489,0.012302687708124
82.698950856793,1.4107763038669,5.2251447247404e-06,0.0027150525523347,0.44438280394615,1.6458771368927e-06,0.00085521897607761,0.012092051829432
84.139514164519,1.5582122847209,5.5752813887364e-06,0.0029474517724137,0.44654754713176,1.5977465029135e-06,0.00084467140463872,0.01188502227437
85.605171172009,1.6919630178506,5.8483187342029e-06,0.0031456539884218,0.44866234009572,1.5508142561215e-06,0.00083414144676145,0.011681537298613
87.096358995608,1.8036623817923,6.0227580252871e-06,0.0032959099024167,0.45073214172825,1.5050769208542e-06,0.0008236422427258,0.011481536214969
88.61352236595,1.8865789258642,6.0857645534474e-06,0.0033884030389411,0.45275826209486,1.460516782501e-06,0.00081317958668768,0.011284959375278
90.157113760596,1.9635614448568,6.1190593215976e-06,0.0034662874899063,0.45473686150111,1.4170994437331e-06,0.00080274986980888,0.011091748152624
91.727593538978,2.1996028442193,6.6219277821866e-06,0.0038164919997181,0.45666891245948,1.3748066232155e-06,0.00079235815479234,0.010901844923851
93.325430079699,2.3473329806594,6.8267636642846e-06,0.0040030847480839,0.45855993613467,1.3336328231632e-06,0.00078201699611762,0.010715193052376
94.95109992022,2.6330098293266,7.3976307162061e-06,0.0044133926167405,0.46041008202645,1.2935552791768e-06,0.00077172915727705,0.010531736871297
96.605087898981,2.8683631547596,7.7852811826296e-06,0.0047255701977325,0.46221528548662,1.2545398787638e-06,0.00076149032050131,0.010351421666793
98.287887300003,3.1259755111252,8.1964489620606e-06,0.0050618078522983,0.46397706669801,1.2165688225075e-06,0.00075130555282341,0.010174193661806
100,3.0620961579731,7.7563784682856e-06,0.0048734768602634,0.46570132958582,1.1796349882894e-06,0.00074118660435299,0.01
