time,dispx,nor_forc,nor_forc_z,strain_zx_interface,stres_xx_interface,stres_yy_interface,stres_zz_interface,stress_zx_interface,tang_forc_x
0.9,0,0,0,0,0,0,0,0,0
0.905,0,198.75210785387,-198.7521077664,-1.1816384556814e-10,-1.5535312407875,-0.73056768669947,-5.4835565873217,-0.00037812430581802,0.015298233745134
0.91,0,198.75215547515,-198.75215538768,-1.1816384556814e-10,-1.5535312407875,-0.73056768669947,-5.4835565873217,-0.00037812430581805,0.015298233767559
0.915,0,198.75215547476,-198.75215538729,-1.1816384556814e-10,-1.5535312407875,-0.73056768669947,-5.4835565873217,-0.00037812430581805,0.015298233855273
0.92,0,198.75215547574,-198.75215538827,-1.1816384556814e-10,-1.5535312407875,-0.73056768669947,-5.4835565873217,-0.00037812430581805,0.015298233516772
0.925,0,198.75215547365,-198.75215538618,-1.1816384556814e-10,-1.5535312407875,-0.73056768669947,-5.4835565873217,-0.00037812430581805,0.015298233736942
0.93,0,198.75215547483,-198.75215538736,-1.1816384556814e-10,-1.5535312407875,-0.73056768669947,-5.4835565873217,-0.00037812430581805,0.015298233624791
0.935,0,198.75215547639,-198.75215538892,-1.1816384556814e-10,-1.5535312407875,-0.73056768669947,-5.4835565873217,-0.00037812430581805,0.01529823366968
0.94,0,198.75215547424,-198.75215538677,-1.1816384556814e-10,-1.5535312407875,-0.73056768669947,-5.4835565873217,-0.00037812430581805,0.015298233677803
0.945,0,198.75215547574,-198.75215538827,-1.1816384556814e-10,-1.5535312407875,-0.73056768669947,-5.4835565873217,-0.00037812430581805,0.015298233745159
0.95,0,198.75215547594,-198.75215538846,-1.1816384556814e-10,-1.5535312407875,-0.73056768669947,-5.4835565873217,-0.00037812430581805,0.015298233736981
0.955,0,198.75215547476,-198.75215538729,-1.1816384556814e-10,-1.5535312407875,-0.73056768669947,-5.4835565873217,-0.00037812430581805,0.015298233600329
0.96,0,198.75215547541,-198.75215538794,-1.1816384556814e-10,-1.5535312407875,-0.73056768669947,-5.4835565873217,-0.00037812430581805,0.015298233738978
0.965,0,198.75215547515,-198.75215538768,-1.1816384556814e-10,-1.5535312407875,-0.73056768669947,-5.4835565873217,-0.00037812430581805,0.015298233741049
0.97,0,198.75215547574,-198.75215538827,-1.1816384556814e-10,-1.5535312407875,-0.73056768669947,-5.4835565873217,-0.00037812430581805,0.015298233647271
0.975,0,198.75215547515,-198.75215538768,-1.1816384556814e-10,-1.5535312407875,-0.73056768669947,-5.4835565873217,-0.00037812430581805,0.015298233677809
0.98,0,198.75215547483,-198.75215538736,-1.1816384556814e-10,-1.5535312407875,-0.73056768669947,-5.4835565873217,-0.00037812430581805,0.015298233649272
0.985,0,198.75215547457,-198.75215538709,-1.1816384556814e-10,-1.5535312407875,-0.73056768669947,-5.4835565873217,-0.00037812430581805,0.015298233751221
0.99,0,198.7521554747,-198.75215538722,-1.1816384556814e-10,-1.5535312407875,-0.73056768669947,-5.4835565873217,-0.00037812430581805,0.015298233602382
0.995,0,198.75215547633,-198.75215538886,-1.1816384556814e-10,-1.5535312407875,-0.73056768669947,-5.4835565873217,-0.00037812430581805,0.015298233749231
1,2.3500000000002e-07,198.74838533264,-198.74838524517,-1.9835905588653e-10,-1.5535810535273,-0.73075260375851,-5.4835709212472,-0.00063474897883692,0.20503447552352
1.005,2.8099999999997e-06,198.7484228417,-198.74842275423,-1.1072079906552e-09,-1.5535671518086,-0.73070562495126,-5.4835622931865,-0.0035430655700968,2.3064547560131
1.01,1.2334999999999e-05,198.74840670037,-198.7484066129,-4.4674929974277e-09,-1.5535654810799,-0.73069943994433,-5.4835617949408,-0.014295977591769,10.04766349412
1.015,3.0284999999998e-05,198.74842522511,-198.74842513759,-1.0796407765723e-08,-1.5535657202542,-0.73069922975282,-5.4835629600133,-0.034548504850313,24.633749665519
1.02,5.6659999999998e-05,198.74835750966,-198.74835742202,-2.0082505071559e-08,-1.5537232917188,-0.73133196230099,-5.4835605079003,-0.064264016228989,46.027058080229
1.025,9.1522499999998e-05,198.74835823818,-198.74835815025,-3.2378571148141e-08,-1.554043884009,-0.73261390384395,-5.4835609231553,-0.10361142767405,74.350444848553
1.03,0.00013424875,198.7452173252,-198.74521723603,-4.7324493440555e-08,-1.5445239910767,-0.69460840115737,-5.4834868178247,-0.15143837900978,106.72970712194
1.035,0.000184025,198.74312258313,-198.74312248954,-5.8480076677961e-08,-1.4851727129553,-0.45724187430498,-5.4834481573567,-0.18713624536947,132.07625717545
1.04,0.00023991375,198.7634934496,-198.76349335352,-6.0712463620728e-08,-1.3852090621024,-0.056852658099026,-5.4839827597216,-0.19427988358633,138.24672466664
1.045,0.000300885,198.72611129917,-198.72611120228,-6.1254429822267e-08,-1.3151514758251,0.22241671367556,-5.4830217879839,-0.19601417543125,138.7677038764
1.05,0.00036579625,198.77302961937,-198.77302952181,-6.168998130522e-08,-1.2685590891517,0.40999809000987,-5.4842336145994,-0.1974079401767,139.01140469767
1.055,0.0004334125,198.71714875862,-198.71714866083,-6.1824086915093e-08,-1.2386927012763,0.52802356320267,-5.4827935345926,-0.1978370781283,139.0571003631
1.06,0.00050242375,198.77874683229,-198.77874673416,-6.206605965899e-08,-1.2208869062584,0.60083562915518,-5.4843824167989,-0.19861139090877,139.12729866516
1.065,0.00057145875,198.71253794608,-198.71253784798,-6.2004656575387e-08,-1.2097382050851,0.64372361149565,-5.4826755942827,-0.19841490104124,139.09512264965
1.07,0.0006391075,198.77959336616,-198.77959326782,-6.2212540621231e-08,-1.2035461980851,0.6702200288946,-5.4844039808338,-0.19908012998794,139.14262229647
1.075,0.00070394125,198.71731693868,-198.71731684046,-6.2073156380828e-08,-1.1996022537797,0.68439125244734,-5.4827994281897,-0.19863410041865,139.10353549584
1.08,0.00076452875,198.71677807704,-198.71677797881,-6.2073156380828e-08,-1.1996022537797,0.68439125244735,-5.4827994281897,-0.19863410041865,139.10421951834
1.085,0.00081946,198.71628862686,-198.71628852863,-6.2073156380828e-08,-1.1996022537797,0.68439125244735,-5.4827994281897,-0.19863410041865,139.10436668502
1.09,0.000867365,198.76434001293,-198.76433991452,-6.2271351452832e-08,-1.1960231034861,0.69991825915364,-5.4840098310931,-0.19926832464906,139.13479014011
1.095,0.0009069325,198.76398743038,-198.76398733197,-6.2271351452834e-08,-1.1960231034861,0.69991825915364,-5.4840098310931,-0.19926832464907,139.13487887614
1.1,0.00093693375,198.76371921293,-198.76371911452,-6.2271351452833e-08,-1.1960231034861,0.69991825915364,-5.4840098310931,-0.19926832464906,139.1349028141
1.105,0.0009562375,198.76354663266,-198.76354653425,-6.2271351452833e-08,-1.1960231034861,0.69991825915364,-5.4840098310931,-0.19926832464907,139.13491037663
1.11,0.00096382625,198.76347878696,-198.76347868855,-6.2271351452832e-08,-1.1960231034861,0.69991825915364,-5.4840098310931,-0.19926832464906,139.13491245713
1.115,0.0009588175,198.75481645131,-198.75481635305,-6.0425525967596e-08,-1.1955338111663,0.70163644333311,-5.4837708503553,-0.19336168309631,135.14648148015
1.12,0.0009404775,198.73851208888,-198.73851199092,-5.4045670685466e-08,-1.1949679099191,0.70347149683061,-5.4833423097455,-0.17294614619349,120.19406131254
1.125,0.00090823125,198.75777975738,-198.75777965994,-4.2584031665114e-08,-1.1954978991438,0.70185244186658,-5.4838432293744,-0.13626890132836,94.04098474176
1.13,0.00086167625,198.73209028656,-198.73209018959,-2.6303651662247e-08,-1.1948388136246,0.70381368726567,-5.4831681468858,-0.084171685319191,56.218650541526
1.1325,0.0008327759375,198.75958132124,-198.75958122447,-1.6008196566134e-08,-1.1954701141532,0.70200459842345,-5.4838842656399,-0.05122622901163,32.762576873476
1.135,0.0008000446875,198.7305379702,-198.7305378735,-4.5897431196676e-09,-1.1949105718483,0.70348270256054,-5.4831241991498,-0.014687177982936,6.1083648103828
1.1375,0.0007636734375,198.76588934787,-198.76588925114,8.3638212483669e-09,-1.1957866541949,0.70090138008547,-5.4840472020156,0.026764227994774,-23.195018744511
1.1425,0.0006793909375,198.72640492769,-198.72640483026,3.7927990951094e-08,-1.1948948819571,0.70344379430546,-5.4830224875817,0.1213695710435,-91.894809470586
1.1475,0.0005801996875,198.76981084651,-198.76981074813,6.04082063159e-08,-1.1963947843228,0.69857986549083,-5.4841581459151,0.19330626021088,-138.9380099672
1.1525,0.00046730093749999,198.72152209578,-198.72152199741,6.1032330547844e-08,-1.1957668876291,0.69983522255101,-5.4829019319751,0.1953034577531,-139.06574497381
1.1575,0.00034137843749998,198.77444020366,-198.7744401053,6.171397649971e-08,-1.1955685114231,0.70200467574548,-5.4842778823292,0.19748472479907,-139.13407939179
1.1625,0.00020331093749998,198.71647654716,-198.71647644879,6.1796427642815e-08,-1.1942380583468,0.70581952959279,-5.4827709220196,0.19774856845701,-139.10240918035
1.1675,5.419718749997e-05,198.77791316733,-198.77791306896,6.1895468042609e-08,-1.194394150221,0.70679203748106,-5.4843677978982,0.19806549773635,-139.14374933195
1.1725,-0.00010471531250004,198.71578225524,-198.71578215685,6.2027992670438e-08,-1.1935408017041,0.7085908695111,-5.4827532341421,0.1984895765454,-139.10321851509
1.1775,-0.00027207156250004,198.77644472562,-198.77644462725,6.1845061324294e-08,-1.1940349501653,0.70819107825689,-5.4843300382054,0.19790419623774,-139.14298269715
1.1825,-0.00044629531250005,198.71968739919,-198.71968730078,6.2144782760711e-08,-1.1933910637473,0.70929064350192,-5.4828540558745,0.19886330483428,-139.1057894978
1.1875,-0.00062563406250006,198.77040851289,-198.77040841453,6.1784592431749e-08,-1.1938817830254,0.70864837609742,-5.4841746675974,0.1977106957816,-139.13906969731
1.1925,-0.00080824156250006,198.72724259659,-198.72724249816,6.2211651406808e-08,-1.1934284249128,0.70933603439042,-5.4830488912213,0.19907728450179,-139.11070035199
1.1975,-0.00099216656250007,198.76228459023,-198.76228449187,6.1756831474598e-08,-1.193786389241,0.70882052042277,-5.4839652368848,0.19762186071871,-139.13379184461
1.2025,-0.0011753678125001,198.73492290101,-198.73492280256,6.2236358759288e-08,-1.1934967541968,0.70926074170687,-5.4832469156002,0.19915634802972,-139.11569071495
1.2075,-0.0013557378125001,198.75604003567,-198.75603993731,6.1768303165854e-08,-1.1937210819495,0.7089204429956,-5.4838039302803,0.19765857013073,-139.12972684733
1.2125,-0.0015311290625001,198.7389413272,-198.73894122874,6.2223104426719e-08,-1.1935395663952,0.7091930202666,-5.4833504430165,0.1991139341655,-139.11829960546
1.2175,-0.0016993765625001,198.75472844518,-198.75472834682,6.1812019182651e-08,-1.1936999914569,0.70897092000393,-5.4837700451761,0.19779846138448,-139.12887291987
1.2225,-0.0018583203125001,198.73747574239,-198.73747564394,6.2182986250101e-08,-1.1935355137337,0.70917139108534,-5.4833126033759,0.19898555600032,-139.1173459218
1.2275,-0.0020058303125001,198.75860676724,-198.75860666885,6.1873061366653e-08,-1.1937264252641,0.70896521744053,-5.4838700776007,0.19799379637329,-139.13139371527
1.2325,-0.0021398353125001,198.73193525782,-198.73193515939,6.2132665457343e-08,-1.1934914142246,0.7092049797809,-5.4831697942896,0.1988245294635,-139.11374687256
1.2375,-0.0022583465625001,198.76475885449,-198.76475875608,6.1932900871231e-08,-1.1937804380852,0.70890792200713,-5.4840288331851,0.19818528278794,-139.13539424844
1.2425,-0.0023594815625001,198.72636313999,-198.72636304156,6.2089628081643e-08,-1.1934363560023,0.70928157419755,-5.4830261560566,0.19868680986126,-139.11012677218
1.2475,-0.0024414878125001,198.76857147914,-198.76857138071,6.19750555494e-08,-1.1938263933907,0.70882237663248,-5.4841271088234,0.19832017775808,-139.13787047144
1.2525,-0.0025027665625002,198.72529541726,-198.72529531884,6.2066921152057e-08,-1.193408893676,0.70936408335139,-5.4829988160557,0.19861414768658,-139.10943715123
1.2575,-0.0025418965625002,198.76627745845,-198.76627736001,6.1994361793131e-08,-1.1938042938182,0.70885138723167,-5.4840677210344,0.19838195773802,-139.13637287228
1.2625,-0.0025576528125002,198.73120108145,-198.73120098303,6.2063835747075e-08,-1.1934587269538,0.7093171299084,-5.4831511957598,0.19860427439064,-139.1132756118
1.2675,-0.0025490253125002,198.75459318967,-198.7545930914,5.8979158002727e-08,-1.1936790845138,0.70904920960625,-5.4837647118768,0.18873330560873,-132.14465391692
1.2725,-0.0025152353125002,198.74467696411,-198.74467686641,4.7086674341906e-08,-1.1935608628036,0.70925589268187,-5.4834985277675,0.1506773578941,-104.53108164187
1.2775,-0.0024557515625002,198.74380640998,-198.74380631299,2.6134952604652e-08,-1.1929826089032,0.71155003819336,-5.4834796791552,0.083631848334886,-56.480803258931
1.28,-0.0024166053125002,198.76382927391,-198.76382917712,1.2360815825897e-08,-1.1937648046921,0.70892581280587,-5.4839842415898,0.03955461064287,-24.336284826982
1.2825,-0.0023712734375002,198.72079722707,-198.7207971304,-3.6628521194904e-09,-1.1932440169933,0.70990861135752,-5.4828838862053,-0.011721126782369,11.967838669745
1.2875,-0.0022598534375002,198.77598621825,-198.77598612063,-4.2850718575235e-08,-1.1938896191654,0.70874534719625,-5.4843029800722,-0.13712229944075,103.01308744258
1.2925,-0.0021214409375002,198.71683159752,-198.71683149921,-6.1223047621677e-08,-1.1950441400709,0.70261522128461,-5.4827909344134,-0.19591375238937,138.99707936903
1.2975,-0.0019578821875002,198.77634497509,-198.77634487676,-6.1264621982516e-08,-1.1953565973074,0.70289127592349,-5.4843168264169,-0.19604679034405,139.12885476811
1.3025,-0.0017700084375002,198.71891678022,-198.71891668191,-6.2452309409058e-08,-1.194215664995,0.70598298455077,-5.4828448035343,-0.19984739010899,139.1038608184
1.3075,-0.0015589271875002,198.77251609033,-198.77251599201,-6.1623215566526e-08,-1.19420461746,0.70740033613065,-5.4842179658234,-0.19719428981288,139.14003240649
1.3125,-0.0013260196875002,198.72360847561,-198.72360837727,-6.2620229069778e-08,-1.1935649651442,0.70870686386332,-5.4829658821309,-0.20038473302329,139.10858796508
1.3175,-0.0010729334375002,198.76769643664,-198.76769633831,-6.1701714645022e-08,-1.1938447691947,0.7087153692189,-5.4840936054068,-0.19744548686407,139.13702783736
1.3225,-0.00080157218750015,198.72777003166,-198.72776993331,-6.2587489924817e-08,-1.1934589375054,0.70923845186854,-5.4830733594815,-0.20027996775942,139.11131664474
1.3275,-0.00051407968750014,198.76456068551,-198.76456058717,-6.1804659208277e-08,-1.1937798010608,0.70889439919708,-5.4840127626414,-0.19777490946648,139.13499010722
1.3325,-0.00021283343750013,198.72980834789,-198.72980824953,-6.2494412985295e-08,-1.1934516852561,0.70931992465069,-5.4831258234552,-0.19998212155295,139.11263942723
1.3375,9.9594062499884e-05,198.76338101261,-198.76338091425,-6.193599277704e-08,-1.1937738123444,0.7088878301644,-5.4839822384809,-0.19819517688653,139.13422105948
1.3425,0.00042047156249989,198.73062402631,-198.73062392795,-6.2391263181199e-08,-1.1934484530137,0.70935422010471,-5.4831471901796,-0.19965204217984,139.11317803719
1.3475,0.0007468878124999,198.76227571815,-198.76227561978,-6.2057474673235e-08,-1.193773748518,0.7088595609384,-5.4839537137106,-0.19858391895435,139.13350246969
1.3525,0.0010757865624999,198.73268744916,-198.73268735078,-6.2317555892456e-08,-1.1934549631739,0.70938166992259,-5.4832006807996,-0.19941617885586,139.11452613946
1.3575,0.0014040190624999,198.75869291468,-198.75869281629,-6.2134846210433e-08,-1.1937559953191,0.70883793087297,-5.4838610707395,-0.19883150787339,139.13116803437
1.3625,0.0017283653124999,198.73810605903,-198.73810596063,-6.2298791742425e-08,-1.1934865031652,0.70939544858528,-5.4833406194251,-0.19935613357576,139.11805275569
1.3675,0.0020455615624999,198.75142956287,-198.75142946449,-6.2151705564858e-08,-1.1937098937692,0.70883488955835,-5.4836736232949,-0.19888545780755,139.12644443408
1.3725,0.0023523340625,198.74685440131,-198.74685430289,-6.2338808172887e-08,-1.1935455141305,0.70938528721686,-5.483566501742,-0.19948418615324,139.12374518621
1.3775,0.0026454365625,198.74184695375,-198.74184685537,-6.2114667448402e-08,-1.1936415408219,0.70886065566481,-5.4834259778326,-0.19876693583489,139.12020376178
1.3825,0.0029216778125,198.75635715397,-198.75635705551,-6.2418848740181e-08,-1.1936174109558,0.70934298435338,-5.4838117858977,-0.19974031596858,139.12992655252
1.3875,0.0031779540625,198.73346077572,-198.73346067735,-6.2050974565374e-08,-1.1935734205731,0.70891669913465,-5.4832095405795,-0.1985631186092,139.11474949349
1.3925,0.0034112878125,198.76260957347,-198.76260947499,-6.2503208053029e-08,-1.1936748537132,0.70927478280114,-5.4839733551097,-0.20001026576969,139.13399826854
1.3975,0.0036188615625,198.73018007314,-198.73017997477,-6.1999482099645e-08,-1.1935335511029,0.70899147392523,-5.4831248376802,-0.19839834271886,139.11261495538
1.4025,0.0037980440625001,198.76240016947,-198.76240007097,-6.2551372847551e-08,-1.1936930268129,0.70919700700487,-5.4839682715915,-0.20016439311216,139.13387027823
1.4075,0.0039464203125001,198.73401413399,-198.73401403561,-6.1996622713295e-08,-1.1935399813792,0.70906463007759,-5.4832237149405,-0.19838919268254,139.11510672986
1.4125,0.0040618253125001,198.7552409913,-198.75524089281,-6.2532488983095e-08,-1.1936628982703,0.70913312616288,-5.4837838766834,-0.2001039647459,139.12922357989
1.4175,0.0041423678125001,198.74376450745,-198.74376440905,-6.2062995338909e-08,-1.1935913460023,0.70911042741928,-5.4834749705479,-0.19860158508451,139.12143855215
1.4225,0.0041864540625001,198.74394917118,-198.74394907271,-6.2436933682476e-08,-1.1935944329367,0.70911552671564,-5.4834924162306,-0.19979818778392,139.12187875019
1.4275,0.0041928140625001,198.75534174437,-198.75534164594,-6.2193460533483e-08,-1.1936793540791,0.70905684698906,-5.4837734220107,-0.19901907370715,139.12895971856
1.4325,0.0041605190625001,198.73601304219,-198.73601294433,-5.0869886204949e-08,-1.1934833808999,0.7093529033352,-5.4832856055505,-0.16278363585584,112.7076004356
1.435,0.0041301790625001,198.76336084053,-198.7633607431,-4.0222244716456e-08,-1.1937621388002,0.70892982997921,-5.4839775785622,-0.12871118309266,88.108967402883
1.4375,0.0040904628125001,198.72643429133,-198.72643419435,-2.6037156387472e-08,-1.1934884699112,0.70907924053769,-5.4830323256527,-0.083318900439911,56.012363929581
1.44,0.0040408665625001,198.76281344712,-198.76281335039,-8.9299863866181e-09,-1.1938331325923,0.70862417090032,-5.4839559116542,-0.028575956437178,15.54001610576
1.445,0.0039141090625002,198.73540997824,-198.7354098809,3.6197753641253e-08,-1.1934636630485,0.70941276030058,-5.4832665811112,0.11583281165201,-87.203382330557
1.45,0.0037502478125002,198.75422124023,-198.75422114193,6.0577813605721e-08,-1.1954019038108,0.70213635368494,-5.4837431232937,0.19384900353831,-139.02878970635
1.455,0.0035480090625002,198.74330996333,-198.74330986502,6.1543529855183e-08,-1.1948628430868,0.7040259227279,-5.4834764552667,0.19693929553658,-139.11149330095
1.46,0.0033084915625002,198.74718795945,-198.74718786116,6.1807708275343e-08,-1.1943143259818,0.70630521409409,-5.4835616776554,0.1977846664811,-139.12280333223
1.465,0.0030331753125002,198.74848705515,-198.74848695682,6.1793272611741e-08,-1.1937946664784,0.70843241761209,-5.4836102421274,0.19773847235757,-139.12479405477
1.47,0.0027239128125002,198.74432663403,-198.74432653572,6.2050646549612e-08,-1.1937511928575,0.70848392079161,-5.4834878506465,0.19856206895876,-139.1217591728
1.475,0.0023829215625002,198.74898878711,-198.74898868878,6.1709175990591e-08,-1.1935803403473,0.70930298466047,-5.483623504648,0.19746936316989,-139.12518072424
1.48,0.0020127703125002,198.7458333058,-198.74583320746,6.2187339064329e-08,-1.1937020702757,0.70871927322487,-5.4835267123692,0.19899948500585,-139.12274177554
1.485,0.0016163590625002,198.74610277879,-198.74610268045,6.1633700952235e-08,-1.1935311287258,0.70942574555606,-5.4835494192727,0.19722784304715,-139.12331389457
1.49,0.0011968940625002,198.74926046802,-198.74926036966,6.2270545888209e-08,-1.1937289505375,0.70869978873658,-5.483614748719,0.19926574684227,-139.12496043848
1.495,0.0007578640625002,198.74296816882,-198.74296807047,6.1624009286315e-08,-1.1935010786317,0.70946533525685,-5.4834688086744,0.19719682971621,-139.12128254215
1.5,0.00030295781249504,198.7513642845,-198.75136418611,6.2278198660055e-08,-1.1937496706802,0.70867089217083,-5.4836687327164,0.19929023571218,-139.12632091944
1.505,-0.0001638546875153,198.742386199,-198.74238610064,6.1699301333055e-08,-1.1934914008109,0.7094891610243,-5.4834539230111,0.19743776426578,-139.12090751023
1.51,-0.00063830218752049,198.7502464349,-198.75024633651,6.2202563058428e-08,-1.19374699674,0.70865255850682,-5.4836397035182,0.19904820178697,-139.12558938237
1.515,-0.0011160771875205,198.74501371966,-198.74501362126,6.1854921220527e-08,-1.193503743438,0.7095079306798,-5.4835220627813,0.19793574790569,-139.12262400508
1.52,-0.0015928159375205,198.74661666057,-198.74661656218,6.2056301594504e-08,-1.1937270357923,0.7086381932832,-5.483545494984,0.19858016510241,-139.12321520029
1.525,-0.0020640246875205,198.74889682933,-198.74889673089,6.206071100394e-08,-1.1935194504116,0.70954533558206,-5.4836222950871,0.19859427521261,-139.12515070751
1.53,-0.0025251796875205,198.74330604432,-198.74330594592,6.1891672291158e-08,-1.193701643463,0.7086544186755,-5.4834601514587,0.19805335133171,-139.12106444752
1.535,-0.0029717721875205,198.75084418862,-198.75084409014,6.2261255895492e-08,-1.1935443119792,0.70949688565179,-5.4836732909726,0.19923601886557,-139.12643600213
1.54,-0.0033993496875205,198.74332012463,-198.74332002623,6.1745408063742e-08,-1.193701224377,0.70865628860977,-5.4834603454304,0.19758530580397,-139.12106927719
1.545,-0.0038035584375204,198.74852724433,-198.74852714582,6.2414455088847e-08,-1.1935311209186,0.70949008018295,-5.4836137209453,0.19972625628431,-139.12493490384
1.55,-0.0041801884375204,198.74790984302,-198.74790974461,6.1668487678384e-08,-1.1937304022717,0.70865775710319,-5.4835785256679,0.19733916057083,-139.12404739554
1.555,-0.0045252159375204,198.74207652898,-198.74207643047,6.247659660243e-08,-1.193488257812,0.70949527223197,-5.4834474605105,0.19992510912778,-139.12074509987
1.56,-0.0048348446875204,198.75545887333,-198.75545877488,6.1688458708684e-08,-1.193782692892,0.70864318965674,-5.4837731206002,0.19740306786779,-139.12895119028
1.565,-0.0051055459375204,198.73441374487,-198.73441364636,6.2432131388251e-08,-1.1934325185938,0.70952070667975,-5.4832499382959,0.1997828204424,-139.11576735291
1.57,-0.0053340971875204,198.76213507894,-198.76213498046,6.1804611878627e-08,-1.1938348863044,0.70860638597678,-5.4839450902356,0.19777475801161,-139.13328478036
1.575,-0.0055176184375204,198.72976070438,-198.72976060589,6.2295839959705e-08,-1.1933913665189,0.70956562449187,-5.4831302482115,0.19934668787106,-139.11275080096
1.58,-0.0056536034375204,198.76392528741,-198.76392518891,6.1986324673182e-08,-1.193857968662,0.7085601768986,-5.4839912101272,0.19835623895418,-139.13444673132
1.585,-0.0057399484375204,198.73131102577,-198.73131092729,6.2110580228404e-08,-1.193394210642,0.70959446161436,-5.4831704622876,0.19875385673089,-139.11376336902
1.59,-0.0057749821875204,198.75896305115,-198.75896295264,6.2180708833e-08,-1.1938272566116,0.7085547349348,-5.4838629195329,0.1989782682656,-139.13121207601
1.595,-0.0057574884375203,198.74121838827,-198.74121829011,5.6042036673083e-08,-1.1934812306599,0.70950101686582,-5.4834251090774,0.17933451735387,-125.48234480947
1.6,-0.0056867209375203,198.74928618516,-198.74928608801,3.1263945293938e-08,-1.1937333845185,0.70867276715253,-5.4836055069932,0.1000446249406,-67.404238244763
1.6025,-0.0056305871875203,198.75543601621,-198.75543591942,1.1118755151246e-08,-1.1936299116968,0.70926459838665,-5.4837834555206,0.035580016483988,-22.447903622541
1.6075,-0.0054742659375203,198.73439972254,-198.73439962502,-4.3414953341139e-08,-1.1934397495856,0.70946558561833,-5.4832237390967,-0.13892785069165,105.07978815343
1.6125,-0.0052623671875203,198.7625839251,-198.76258382678,-6.1919266057429e-08,-1.1954892886304,0.70202157472728,-5.4839778858713,-0.19814165138377,139.07922384529
1.6175,-0.0049985934375202,198.7295521904,-198.72955209226,-6.0965360477928e-08,-1.194561918122,0.70485593872914,-5.4831027738432,-0.19508915352937,139.10831512498
1.6225,-0.0046844846875202,198.76371590567,-198.7637158073,-6.2996447378558e-08,-1.1939961002111,0.70802401608827,-5.4840075733327,-0.20158863161138,139.13465881043
1.6275,-0.0043220759375202,198.7320738266,-198.73207372845,-6.1063101502766e-08,-1.1937287249696,0.70825365241549,-5.4831677136983,-0.19540192480885,139.11368579994
1.6325,-0.0039138846875201,198.75798017527,-198.75798007689,-6.3106638128477e-08,-1.1936067430769,0.70943407625164,-5.4838602043562,-0.20194124201113,139.13114627512
1.6375,-0.0034628921875201,198.74019298889,-198.74019289069,-6.1151649964438e-08,-1.1936815758872,0.70865225607552,-5.4833777206619,-0.1956852798862,139.11898695462
1.6425,-0.0029725221875201,198.74852778525,-198.74852768688,-6.2988139157819e-08,-1.1935163529419,0.7095518863054,-5.4836164542584,-0.20156204530502,139.12500411872
1.6475,-0.00244661843752,198.74973842873,-198.74973833048,-6.1381429832303e-08,-1.193737324153,0.70867526417489,-5.4836237212153,-0.19642057546337,139.12518640773
1.6525,-0.00188941468752,198.74001893933,-198.74001884097,-6.2762720272645e-08,-1.1934619077623,0.70954990822275,-5.4833966961175,-0.20084070487246,139.11946612839
1.6575,-0.00130549968752,198.75630301622,-198.75630291792,-6.1675234562885e-08,-1.1937763740471,0.70868786343536,-5.4837925193292,-0.19736075060123,139.12944042903
1.6625,-0.00069977718751994,198.73599183025,-198.7359917319,-6.2525595473894e-08,-1.1934397467376,0.70953484104408,-5.4832929854875,-0.20008190551646,139.11685258372
1.6675,-7.7413437519906e-05,198.75758599619,-198.75758589783,-6.1939313904053e-08,-1.1937807640093,0.70870336535709,-5.4838255805004,-0.19820580449297,139.13027384194
1.6725,0.00055618281248012,198.73723352598,-198.73723342762,-6.2361720732821e-08,-1.1934517531269,0.7095192228349,-5.4833253932584,-0.19955750634503,139.11766929591
1.6775,0.0011953978124802,198.75429660146,-198.75429650307,-6.2094934000722e-08,-1.193761032556,0.70869707551332,-5.483740364466,-0.19870378880231,139.12812661873
1.6825,0.0018345078124802,198.74181594756,-198.74181584917,-6.2327118340299e-08,-1.193468351698,0.70957065871567,-5.4834432235686,-0.19944677868896,139.12063868675
1.6875,0.0024677178124802,198.74922399316,-198.74922389475,-6.2125544230178e-08,-1.1937343847785,0.70867261973277,-5.4836093176078,-0.19880174153657,139.1248243226
1.6925,0.0030891915624802,198.74661057309,-198.74661047467,-6.2416403010654e-08,-1.1934940082241,0.70959192013265,-5.4835671108956,-0.19973248963409,139.12376081176
1.6975,0.0036931203124803,198.74533994068,-198.74533984226,-6.2037423356849e-08,-1.1936908229071,0.70874665231136,-5.483509103053,-0.19851975474192,139.12229889191
1.7025,0.0042737765624803,198.74920367808,-198.74920357961,-6.2599079204754e-08,-1.1935319208511,0.70950827312648,-5.4836351139085,-0.20031705345521,139.12547476409
1.7075,0.0048255653124803,198.74409473337,-198.74409463494,-6.1882775874995e-08,-1.1936889059882,0.70872214497055,-5.4834769284468,-0.19802488279998,139.12148810014
1.7125,0.0053430803124804,198.74933936827,-198.74933926976,-6.2804993277576e-08,-1.1935313427488,0.70951371811123,-5.4836382460419,-0.20097597848824,139.12555387028
1.7175,0.0058211590624804,198.74454816905,-198.74454807062,-6.1739933872416e-08,-1.1936942066213,0.7087123618062,-5.4834883481703,-0.19756778839173,139.12177586338
1.7225,0.0062549328124804,198.7489605296,-198.74896043106,-6.2954404110936e-08,-1.1935264745052,0.70952368227944,-5.4836287369351,-0.20145409315499,139.1253143418
1.7275,0.0066398728124804,198.74419493354,-198.7441948351,-6.1680187801075e-08,-1.1936935479171,0.70870599425821,-5.4834793459583,-0.19737660096344,139.1215489944
1.7325,0.0069718378124805,198.75056490399,-198.75056480543,-6.2985199025847e-08,-1.1935376648238,0.7095207520781,-5.4836705679735,-0.20155263688271,139.12636847612
1.7375,0.0072471203124805,198.74105142445,-198.741051326,-6.1748363606959e-08,-1.1936679051016,0.70872744291773,-5.4833982232191,-0.19759476354227,139.11950464978
1.7425,0.0074624865624805,198.75521439435,-198.75521429579,-6.2870439333587e-08,-1.1935820150117,0.70946373223747,-5.4837909491675,-0.20118540586748,139.12940186239
1.7475,0.0076152103124805,198.73524749371,-198.73524739523,-6.1948690864468e-08,-1.1936009052373,0.70884572945363,-5.4832485098593,-0.1982358107663,139.11573156135
1.7525,0.0077031053124806,198.76148718156,-198.76148708301,-6.2626524339104e-08,-1.1936806168632,0.70923083005336,-5.4839524549629,-0.20040487788513,139.13347089364
1.7575,0.0077245540624806,198.72935048364,-198.72935038514,-6.2245896829554e-08,-1.1934704276775,0.70921526751951,-5.4830961369856,-0.19918686985457,139.11188908068
1.7625,0.0076785278124806,198.76619712736,-198.76619702965,-4.5835489800172e-08,-1.1937271201012,0.70916151534948,-5.4840691816382,-0.14667356736055,101.02707198783
1.765,0.0076309015624806,198.72862106531,-198.72862096822,-2.9476324100907e-08,-1.193467492636,0.70920018046883,-5.4830693545146,-0.094324237122902,62.701765387788
1.76625,0.0076007162499807,198.7481747638,-198.74817466695,-1.8144593871426e-08,-1.1935781614081,0.7092874177528,-5.4835992728242,-0.058062700388564,38.386459901614
1.7675,0.0075654443749807,198.76804168641,-198.76804158965,-6.448316284629e-09,-1.1938433350258,0.70871197838122,-5.4840845282132,-0.020634612110813,9.2804410764528
1.76875,0.0075259431249807,198.72417023752,-198.72417014084,7.8658332189133e-09,-1.1932622324266,0.70993114488025,-5.4829792788901,0.025170666300523,-22.676523212545
1.77125,0.0074351618749807,198.7608483504,-198.76084825294,3.9812386606624e-08,-1.1938081174834,0.70867144350358,-5.4839030754431,0.1273996371412,-96.034877623065
1.77625,0.0072001956249807,198.73946084613,-198.73946074795,6.1103003520681e-08,-1.195291193114,0.70222085015024,-5.4833847814258,0.19552961126618,-139.06866798562
1.78125,0.0068961506249808,198.74749077828,-198.74749068004,6.1373148682483e-08,-1.1945616590711,0.70531758655106,-5.4835633832501,0.19639407578395,-139.12105657672
1.78625,0.0065282731249808,198.7525585163,-198.75255841804,6.2168520156237e-08,-1.1938431199251,0.70834934910137,-5.4837209869219,0.19893926449996,-139.12749333568
1.79125,0.0060991143749809,198.7357558659,-198.73575576768,6.1302176440196e-08,-1.1937216618442,0.70837526049447,-5.483261067616,0.19616696460863,-139.11604612692
1.79625,0.005611819374981,198.76170070359,-198.76170060528,6.2508246810544e-08,-1.1936286078493,0.70944378942097,-5.4839573777365,0.20002638979374,-139.1335922109
1.80125,0.005070104374981,198.72982755994,-198.72982746174,6.1072630653234e-08,-1.1936225005525,0.70861887166731,-5.4831080341814,0.19543241809035,-139.11218915734
1.80625,0.0044782293749811,198.7642617606,-198.76426166224,6.2762482560319e-08,-1.1936207480423,0.70954130224484,-5.4840234507124,0.20083994419302,-139.13525846201
1.81125,0.0038409668749811,198.73037421632,-198.7303741181,6.0916264248577e-08,-1.1936300704035,0.70860343962397,-5.4831228819378,0.19493204559545,-139.11256315123
1.81625,0.0031635631249812,198.76120284879,-198.7612027504,6.2921345766334e-08,-1.1935956217288,0.70956348844338,-5.4839451313384,0.20134830645227,-139.13328517109
1.82125,0.0024516956249812,198.73501925958,-198.73501916133,6.087825924546e-08,-1.1936640223817,0.70858730260328,-5.4832425529186,0.19481042958547,-139.11557942723
1.82625,0.0017114268749813,198.75591234305,-198.75591224464,6.2957849305597e-08,-1.193560733308,0.70956633464969,-5.4838084238657,0.20146511777791,-139.12984043325
1.83125,0.00094915062498134,198.74005315329,-198.740053055,6.0971300416855e-08,-1.193695518502,0.70859070101403,-5.4833719355927,0.19510816133394,-139.11884025912
1.83625,0.00017153687498139,198.75184229135,-198.75184219292,6.2872079368048e-08,-1.1935375047286,0.70955410433556,-5.4837032795256,0.20119065397775,-139.1271910346
1.84125,-0.00061452312501855,198.7427661892,-198.74276609085,6.1178004629926e-08,-1.1937088908072,0.70860752853133,-5.4834422518717,0.19576961481576,-139.12061265118
1.84625,-0.0014019793750185,198.75051861653,-198.75051851809,6.2693142434948e-08,-1.1935345020097,0.70953182827469,-5.4836689931087,0.20061805579183,-139.12632223667
1.85125,-0.0021836893750184,198.74295153357,-198.74295143517,6.1454226553289e-08,-1.1937022594979,0.7086391454526,-5.4834473429595,0.19665352497052,-139.12074126692
1.85625,-0.0029524793750184,198.75092400131,-198.75092390286,6.2473042154424e-08,-1.1935458481941,0.70949700756486,-5.4836795576817,0.19991373489416,-139.12659339628
1.86125,-0.0037012081250183,198.74260528458,-198.74260518613,6.1739768972455e-08,-1.1936917477672,0.7086725834356,-5.4834387334053,0.19756726071186,-139.12052452533
1.86625,-0.0044228368750183,198.75054288197,-198.7505427835,6.2270984021428e-08,-1.1935537207555,0.70945531267207,-5.4836693535673,0.19926714886857,-139.12633631819
1.87125,-0.0051104931250182,198.74421166644,-198.74421156793,6.1975969747476e-08,-1.193725318971,0.70857949705391,-5.4834799312332,0.19832310319192,-139.12156315942
1.87625,-0.0057575356250181,198.7475045546,-198.74750445613,6.2137898047446e-08,-1.1935001812681,0.70959036106974,-5.4835902444416,0.19884127375183,-139.12434284383
1.88125,-0.006357620625018,198.74856529885,-198.74856520031,6.2112692156191e-08,-1.1937498304081,0.70859394499938,-5.4835924246867,0.19876061489981,-139.12439830222
1.88625,-0.006904760625018,198.74221892394,-198.74221882546,6.2109357888374e-08,-1.1934694920614,0.70957665351869,-5.4834537801729,0.1987499452428,-139.12090313921
1.89125,-0.0073933831250179,198.75408881917,-198.75408872061,6.2135282328119e-08,-1.1937789243865,0.70862029533695,-5.4837351508981,0.19883290344998,-139.12799512015
1.89625,-0.0078183856250179,198.73735330232,-198.73735320382,6.2179111976085e-08,-1.1934457724843,0.70954590589193,-5.4833281541525,0.19897315832347,-139.11773837646
1.90125,-0.0081751881250178,198.7572982594,-198.75729816081,6.206204972372e-08,-1.1937950781857,0.70863872999625,-5.4838182009086,0.1985985591159,-139.13008795485
1.90625,-0.0084597831250178,198.73666940744,-198.73666930892,6.2306813594768e-08,-1.19349695813,0.70932372553562,-5.4833107160789,0.19938180350326,-139.11729913706
1.91125,-0.0086687781250177,198.75482837148,-198.7548282729,6.1943510710985e-08,-1.1937399860244,0.70879590539533,-5.4837550080409,0.19821923427515,-139.12849544642
1.91625,-0.0087994306250177,198.74253020057,-198.74253010201,6.2451193438643e-08,-1.1935432940478,0.7092895873986,-5.4834619212128,0.19984381900366,-139.12110949451
1.92125,-0.0088496793750176,198.74578892284,-198.74578882429,6.1824423333585e-08,-1.1936299976292,0.70900282215707,-5.4835219715948,0.19783815466747,-139.12262233437
1.92625,-0.0088181743750175,198.75423608033,-198.75423598238,5.0940894949261e-08,-1.193616625676,0.70929422701705,-5.4837599078959,0.16301086383763,-112.3238127759
1.92875,-0.0087725712500175,198.72674413803,-198.72674404077,3.4559753624443e-08,-1.19353004224,0.70890444563402,-5.4830238138529,0.11059121159822,-76.338892973328
1.93,-0.0087430621875175,198.77873264514,-198.7787325481,2.4483064726033e-08,-1.1938007149606,0.7091837469841,-5.4843858128919,0.078345807123306,-51.936295872021
1.93125,-0.0087084021875175,198.73212170387,-198.73212160711,1.2244006389786e-08,-1.193771501441,0.70807607485408,-5.4831612909959,0.039180820447314,-23.362464384652
1.9325,-0.0086675718750175,198.73316977596,-198.7331696793,-2.6055338161352e-09,-1.1932885616721,0.71005374493359,-5.4832071992892,-0.0083377082116325,8.9497579533466
1.935,-0.0085715581250174,198.77121072214,-198.77121062486,-3.5663047527204e-08,-1.1941411370851,0.70761060050392,-5.4841743186111,-0.11412175208705,87.649377559181
1.94,-0.0083266406250174,198.72067053669,-198.72067043852,-6.2038582894735e-08,-1.1951847528613,0.70215335039939,-5.4828915190406,-0.19852346526315,139.05567328601
1.945,-0.0080053843750174,198.77357220162,-198.77357210345,-6.0853387600192e-08,-1.1947419337526,0.70527459628033,-5.4842414933177,-0.19473084032061,139.13830404167
1.95,-0.0076056968750173,198.72134709783,-198.7213469996,-6.3004629288067e-08,-1.1935969064029,0.70852448315709,-5.4829112656237,-0.20161481372181,139.10712465972
1.955,-0.0071303806250173,198.77003287379,-198.77003277561,-6.0963796623316e-08,-1.1939333441817,0.70841799178747,-5.4841505293739,-0.19508414919461,139.13846061333
1.96,-0.0065829556250173,198.72638389277,-198.72638379451,-6.3095173946982e-08,-1.193384667169,0.70950272738724,-5.4830405523919,-0.20190455663034,139.11048998418
1.965,-0.0059676306250172,198.76446592958,-198.76446583138,-6.1028141221613e-08,-1.1938297381521,0.70868932602491,-5.4840074393594,-0.19529005190916,139.13485539383
1.97,-0.0052892743750172,198.73162773053,-198.73162763224,-6.3041158119964e-08,-1.1934111444198,0.70953171537744,-5.4831754495034,-0.20173170598389,139.11388995386
1.975,-0.0045533793750172,198.76011376279,-198.76011366456,-6.1182512358406e-08,-1.1937967815529,0.70870895636947,-5.4838952430128,-0.1957840395469,139.13202825931
1.98,-0.0037660156250171,198.73482483239,-198.73482473408,-6.2926901251193e-08,-1.1934337715213,0.709523417509,-5.4832576603436,-0.20136608400382,139.11596182809
1.985,-0.0029337818750171,198.75795970418,-198.75795960591,-6.1378691636022e-08,-1.1937818732917,0.70871329871096,-5.4838399519024,-0.19641181323527,139.13063519184
1.99,-0.0020637506250171,198.73632887417,-198.73632877583,-6.280462060672e-08,-1.1934443190924,0.70951944938054,-5.4832958828468,-0.2009747859415,139.11692513255
1.995,-0.001163410625017,198.75648027254,-198.75648017422,-6.1568217713611e-08,-1.19377253078,0.70871300020553,-5.4838022829576,-0.19701829668356,139.12968620283
2,-0.00024059937501197,198.73846344783,-198.73846334947,-6.2712075598692e-08,-1.1934580281136,0.70952001698049,-5.4833512868072,-0.20067864191581,139.11832147072
2.005,0.00069445062499822,198.75301211598,-198.75301201762,-6.1721310960507e-08,-1.1937514439141,0.70870830093907,-5.4837132359454,-0.19750819507362,139.12744251915
2.01,0.0016289806250034,198.7436857782,-198.7436856798,-6.2663901974879e-08,-1.1934902333626,0.70952546241214,-5.483485553378,-0.20052448631961,139.12170522725
2.015,0.0025520906250034,198.74592081412,-198.74592071573,-6.1831745232291e-08,-1.193707532391,0.70870147607115,-5.4835307648199,-0.19786158474333,139.12284204031
2.02,0.0034553318750034,198.75240201527,-198.75240191682,-6.2651101099958e-08,-1.1935456485004,0.70952849340672,-5.4837102449488,-0.20048352351987,139.12736758029
2.025,0.0043306668750034,198.73618786153,-198.73618776311,-6.191442379358e-08,-1.1936454599688,0.70869911422849,-5.4832801132585,-0.19812615613946,139.11652798795
2.03,0.0051703056250035,198.76217964497,-198.76217954647,-6.264954401504e-08,-1.1936087797521,0.70952806409588,-5.4839623406314,-0.20047854084813,139.13372041375
2.035,0.0059667768750036,198.72744013583,-198.72744003739,-6.199334721801e-08,-1.1935857444144,0.7087125380865,-5.4830546748439,-0.19837871109763,139.11084704447
2.04,0.0067129906250035,198.76873634331,-198.76873624477,-6.2632318688403e-08,-1.1936564512407,0.70950620732628,-5.4841311698676,-0.20042341980289,139.13797522427
2.045,0.0074023031250035,198.72405173276,-198.72405163429,-6.2089414598586e-08,-1.193555509652,0.70874657890077,-5.4829677764548,-0.19868612671547,139.10865756705
2.05,0.0080285781250036,198.7682466839,-198.76824658534,-6.2582383702796e-08,-1.1936637370133,0.70946416977412,-5.4841182755973,-0.20026362784895,139.13765051633
2.055,0.0085862356250037,198.72868767696,-198.72868757844,-6.2208979986906e-08,-1.1935730493122,0.70879646976633,-5.483087825664,-0.1990687359581,139.11168300596
2.06,0.0090703056250037,198.75969623389,-198.75969613534,-6.2492528942532e-08,-1.1935720882507,0.70960946768695,-5.4838969789051,-0.1999760926161,139.132073569
2.065,0.0094764743750037,198.74042699011,-198.74042689155,-6.234482714983e-08,-1.1936786344758,0.70867703725555,-5.4833907333303,-0.19950344687946,139.1193163325
2.07,0.0098011156250038,198.74588960794,-198.74588950941,-6.240560205486e-08,-1.1934945203446,0.70956326686944,-5.4835405067917,-0.19969792657555,139.12309024334
2.075,0.010041325625004,198.7549340258,-198.75493392719,-6.2450294873239e-08,-1.1937594357375,0.70872849590081,-5.4837653966922,-0.19984094359436,139.12875793927
2.08,0.010194953125004,198.73210915029,-198.73210905177,-6.2337837865388e-08,-1.1934189032923,0.70950989011338,-5.4831846621061,-0.19948108116924,139.11412266432
2.085,0.010260616875004,198.76661500094,-198.76661490231,-6.2508492846252e-08,-1.1938238671063,0.70877248948152,-5.4840671155311,-0.20002717710801,139.13636023216
2.09,0.010237714375004,198.7237068527,-198.72370675465,-5.389161776971e-08,-1.193286464991,0.70981987060726,-5.4829649049299,-0.17245317686307,119.70453118953
2.0925,0.010191967187504,198.77082308575,-198.77082298827,-3.8250860051979e-08,-1.1940231157598,0.7080779734369,-5.4841696312893,-0.12240275216633,82.98718866761
2.09375,0.010160290000004,198.73820612826,-198.73820603123,-2.6925595699244e-08,-1.1934089769329,0.70969719958878,-5.4833323128211,-0.086161906237581,57.446358963826
2.095,0.010123693125004,198.73818859494,-198.73818849815,-1.3803632833179e-08,-1.1933240768069,0.71003072263906,-5.4833262395837,-0.044171625066173,27.12026075029
2.09625,0.010081665937504,198.76170093966,-198.76170084295,7.2046692944521e-10,-1.193788734767,0.7087812604635,-5.483935407445,0.0023054941742247,-6.4455394835503
2.09875,0.009978178437504,198.73365574381,-198.73365564653,3.7215759666658e-08,-1.1935596581462,0.70897549025154,-5.4832132893803,0.11909043093331,-90.939420956068
2.10375,0.009707224687504,198.75985577689,-198.75985567866,6.1696361389026e-08,-1.195345466354,0.70251793505178,-5.4838989584385,0.19742835644488,-139.09056072426
2.10875,0.0093569759375041,198.73381804212,-198.73381794402,6.0600785386904e-08,-1.1943264424912,0.70591858465964,-5.4832235167796,0.19392251323809,-139.11338740633
2.11375,0.0089260959375041,198.7603663505,-198.7603662522,6.3027956096713e-08,-1.1938543691534,0.70849328440693,-5.4839099168186,0.20168945950948,-139.13232199614
2.11875,0.0084183971875042,198.73255403372,-198.73255393564,6.0251134366699e-08,-1.1936449336273,0.70861268810814,-5.4831915848203,0.19280362997344,-139.11429500731
2.12375,0.0078383746875044,198.7618119666,-198.76181186823,6.3511573873331e-08,-1.1936573172606,0.70931944786515,-5.483947871264,0.20323703639466,-139.13335379068
2.12875,0.0071911646875044,198.73155203891,-198.73155194083,5.9978125621543e-08,-1.1935891910597,0.70881070137671,-5.4831666284809,0.19193000198894,-139.11366514999
2.13375,0.0064824996875044,198.7615799761,-198.76157987769,6.3708208749031e-08,-1.1936513690245,0.70933667493964,-5.483941304915,0.2038662679969,-139.1331890069
2.13875,0.0057186596875044,198.73372307985,-198.73372298174,5.9990846060814e-08,-1.1935964399397,0.70883805642761,-5.4832229790658,0.1919707073946,-139.11508545209
2.14375,0.0049064134375045,198.7569187583,-198.75691865988,6.3619217297542e-08,-1.1936290301243,0.70930512055432,-5.4838203952107,0.20358149535213,-139.13014238924
2.14875,0.0040529571875047,198.74114362462,-198.74114352645,6.0284818951568e-08,-1.1936354076938,0.70887380730684,-5.483414600275,0.19291142064502,-139.11991481427
2.15375,0.0031658534375047,198.74684403165,-198.74684393324,6.3286277346143e-08,-1.1935748149507,0.7092610903136,-5.4835595052167,0.20251608750766,-139.12356799586
2.15875,0.0022529646875047,198.75333240006,-198.7533323018,6.0785074101644e-08,-1.1937029349482,0.70891828731382,-5.4837291880799,0.19451223712526,-139.12784296298
2.16375,0.0013223821875048,198.73339707359,-198.73339697521,6.2808299516548e-08,-1.1935000593493,0.70921273658144,-5.4832121304125,0.20098655845295,-139.11481404329
2.16875,0.00038235468750497,198.76683812993,-198.76683803156,6.1369910441061e-08,-1.1937797199452,0.70896063789178,-5.4840786772029,0.1963837134114,-139.13665075763
2.17375,-0.00055878531249496,198.72110805734,-198.72110795898,6.2316233467592e-08,-1.1934305955786,0.70917364574698,-5.4828951858548,0.19941194709629,-139.10682704187
2.17875,-0.001492696562495,198.77651285348,-198.776512755,6.1886197850413e-08,-1.1938415263747,0.70896294136647,-5.4843282050112,0.19803583312132,-139.14293498622
2.18375,-0.0024111015624949,198.71514678723,-198.71514668888,6.1953636885313e-08,-1.1933844328791,0.70920331012728,-5.4827402004388,0.198251638033,-139.10292128019
2.18875,-0.0033058603124947,198.77805476499,-198.77805466647,6.2250783690129e-08,-1.1938500406343,0.70896905746291,-5.4843683775073,0.19920250780841,-139.14395189211
2.19375,-0.0041690428124947,198.71822588485,-198.71822578647,6.1777452062803e-08,-1.1934012224371,0.70921544903418,-5.4828194979011,0.19768784660097,-139.10491931138
2.19875,-0.0049929990624947,198.77067514298,-198.77067504443,6.238783731647e-08,-1.1938089628936,0.70894333253331,-5.4841783414902,0.1996410794127,-139.13916301691
2.20375,-0.0057704278124946,198.72912465721,-198.72912455877,6.1827207775396e-08,-1.1934617164265,0.70925441076616,-5.4831004354128,0.19784706488127,-139.11199942104
2.20875,-0.0064944403124945,198.75734908689,-198.75734898833,6.2301399213107e-08,-1.1937345683071,0.70889742978854,-5.4838348607497,0.19936447748194,-139.13050778059
2.21375,-0.0071586215624944,198.7435633444,-198.7435632459,6.2066175339191e-08,-1.1935415922056,0.70930712386375,-5.4834726510597,0.19861176108541,-139.12137255177
2.21875,-0.0077570878124944,198.74315724773,-198.74315714919,6.2055194740485e-08,-1.193654726588,0.7088509834158,-5.483469048145,0.19857662316955,-139.12128913295
2.22375,-0.0082845378124943,198.75625563371,-198.75625553515,6.2403561494851e-08,-1.1936138023003,0.7093454601199,-5.4837998269681,0.19969139678352,-139.12962424357
2.22875,-0.0087363015624942,198.73301316376,-198.73301306525,6.174925841561e-08,-1.1935667969296,0.70894142121875,-5.4832077681916,0.19759762692995,-139.1147038628
2.23375,-0.0091083828124941,198.7631277321,-198.76312763348,6.2730391776902e-08,-1.1936817376452,0.70925150574348,-5.4839776130634,0.20073725368609,-139.1341044329
2.23875,-0.0093974915624941,198.72977530845,-198.72977520994,6.1509134720779e-08,-1.1935534409743,0.70891177151993,-5.4831246952951,0.19682923110649,-139.11261049274
2.24375,-0.009601072812494,198.76281061844,-198.7628105198,6.2920990451186e-08,-1.1936815281594,0.70924417889031,-5.4839694478312,0.2013471694438,-139.13389943136
2.24875,-0.009717331562494,198.73307250361,-198.7330724051,6.1429045956319e-08,-1.1935782275684,0.70889814603484,-5.4832102163602,0.19657294706022,-139.11476632418
2.25375,-0.0097452465624939,198.75739954428,-198.75739944564,6.2908080235146e-08,-1.193629808448,0.70931141702948,-5.4838298071992,0.20130585675247,-139.13038041721
2.25875,-0.0096845815624938,198.73970150677,-198.73970140923,4.1059431711094e-08,-1.193637132874,0.70882777226059,-5.4833754958786,0.1313901814755,-91.484108174597
2.26,-0.0096558799999938,198.74670480607,-198.74670470888,3.1067906943738e-08,-1.1934813630427,0.70961986804386,-5.4835445220168,0.099417302219962,-67.548802122977
2.26125,-0.0096214340624938,198.74614858324,-198.74614848632,1.9533534292961e-08,-1.1934166742558,0.70987384404205,-5.483539749467,0.062507309737475,-38.825827516351
2.2625,-0.0095804571874937,198.74970210286,-198.74970200614,3.9862423431511e-09,-1.1936448750688,0.70903954846802,-5.4836182585968,0.012755975498083,-6.8479794818369
2.2635,-0.0095435138374937,198.75012949701,-198.75012940027,-8.2640851709653e-09,-1.1937605981481,0.70860129190022,-5.4836428889199,-0.026445072547089,23.985144064929
2.2655,-0.0094596504374937,198.74177045552,-198.74177035823,-3.7811958282578e-08,-1.1936194878678,0.70893891102712,-5.4834160281339,-0.12099826650425,91.805631381524
2.2695,-0.0092510616374936,198.75179685363,-198.75179675542,-6.1779277238886e-08,-1.1956027449714,0.70128757305972,-5.4836977093101,-0.19769368716444,139.06313884516
2.2745,-0.0089150975124935,198.74331378669,-198.7433136886,-6.0833951449137e-08,-1.1944791882773,0.70554469043488,-5.4834606061723,-0.19466864463724,139.11805378978
2.2795,-0.0084981115124934,198.74806833446,-198.74806823618,-6.3058767895602e-08,-1.1938782423759,0.70808878643501,-5.4836009120914,-0.20178805726593,139.1245172088
2.2845,-0.0080037592624933,198.74860648232,-198.74860638422,-6.0813326827314e-08,-1.1936940369705,0.70882198530211,-5.4835972948821,-0.1946026458474,139.124514934
2.2895,-0.0074364457624933,198.74168833873,-198.74168824043,-6.3222115732726e-08,-1.1935854871959,0.70909537238928,-5.4834364767228,-0.20231077034472,139.12046823091
2.2945,-0.0068012247624933,198.75510998085,-198.75510988271,-6.0888307749764e-08,-1.1936646535216,0.70910704358844,-5.4837648190832,-0.19484258479925,139.12874122021
2.2995,-0.0061037550124931,198.73610675889,-198.73610666059,-6.3083481731216e-08,-1.193548063799,0.70910187083241,-5.4832932820266,-0.20186714153989,139.11685980909
2.3045,-0.0053502440124931,198.75875667417,-198.75875657597,-6.1194670083714e-08,-1.193676702775,0.70915254614044,-5.4838585178975,-0.19582294426788,139.13110266927
2.3095,-0.0045473955124931,198.73510196687,-198.73510186857,-6.2768744781336e-08,-1.1935505339672,0.70906619756428,-5.4832674902858,-0.20085998330027,139.11620950856
2.3145,-0.003702353262493,198.75674077586,-198.7567406776,-6.1623176091059e-08,-1.1936561385592,0.70918238302152,-5.4838060969284,-0.19719416349139,139.12978178169
2.3195,-0.0028226360124929,198.74014904196,-198.74014894366,-6.241060099602e-08,-1.1936022254742,0.70898909093728,-5.4833971507838,-0.19971392318726,139.11947690694
2.3245,-0.0019160712624928,198.749051949,-198.74905185068,-6.203902725994e-08,-1.1935918992788,0.70924040836378,-5.4836071641452,-0.19852488723181,139.12476928585
2.3295,-0.00099072401249288,198.74964084396,-198.74964074562,-6.2119769869883e-08,-1.1936482835726,0.70905020387973,-5.4836424966484,-0.19878326358362,139.12565264909
2.3345,-5.4824262492824e-05,198.73895036238,-198.73895026403,-6.233937633086e-08,-1.1935421761124,0.70917837930166,-5.4833462419644,-0.19948600425875,139.11819406625
2.3395,0.00088330173750734,198.75896684231,-198.75896674392,-6.19869450814e-08,-1.1936953377695,0.70910312175293,-5.4838836315301,-0.19835822426048,139.131735697
2.3445,0.0018153064875074,198.7316459534,-198.73164585502,-6.2466540129236e-08,-1.1935060755411,0.70913408578263,-5.4831575460159,-0.19989292841355,139.11343781104
2.3495,0.0027329012375074,198.76325890805,-198.76325880963,-6.2026300524018e-08,-1.1937158481252,0.70913229217379,-5.4839948433188,-0.19848416167686,139.13453788418
2.3545,0.0036279259875074,198.73091165757,-198.73091155916,-6.2437726192479e-08,-1.1935041301016,0.70912264475645,-5.4831383233207,-0.19980072381593,139.11295411372
2.3595,0.0044924182375076,198.7603482274,-198.76034812894,-6.2184694972869e-08,-1.1936985100069,0.70912689657447,-5.4839200950419,-0.19899102391318,139.13265558617
2.3645,0.0053186867375076,198.73704533913,-198.73704524067,-6.233110137644e-08,-1.1935393008114,0.70913993398062,-5.4832962955477,-0.19945952440461,139.11693155205
2.3695,0.0060993789875076,198.75181014463,-198.75181004614,-6.2362154338519e-08,-1.1936514217536,0.70909539060147,-5.4837002358753,-0.19955889388326,139.12711501996
2.3745,0.0068275462375077,198.74683645937,-198.74683636087,-6.2252397115363e-08,-1.1935915551048,0.70918339773942,-5.4835487765417,-0.19920767076916,139.12329720951
2.3795,0.0074967072375078,198.74200916203,-198.74200906353,-6.245036598648e-08,-1.1935975260014,0.70905854250557,-5.483447804775,-0.19984117115674,139.12075196379
2.3845,0.0081009044875079,198.75542825631,-198.75542815777,-6.2296453757188e-08,-1.1936385819702,0.70921674988308,-5.4837702359791,-0.199348652023,139.12887723834
2.3895,0.008634757987508,198.73558693163,-198.73558683312,-6.2375504800851e-08,-1.1935614689206,0.7090374457577,-5.4832824799806,-0.19960161536272,139.11658613632
2.3945,0.009093511487508,198.75904990175,-198.75904980317,-6.2504734010486e-08,-1.1936594308352,0.70922649881626,-5.4838633799369,-0.20001514883355,139.13122563807
2.3995,0.0094730737375081,198.73494230205,-198.73494220354,-6.2129038615671e-08,-1.1935562253319,0.70904214806517,-5.4832662084626,-0.19881292357015,139.11617654597
2.4045,0.0097700597375082,198.75696688133,-198.75696678272,-6.2846575729029e-08,-1.1936497404006,0.70921123032171,-5.4838093490691,-0.20110904233289,139.12986301879
2.4095,0.0099818169875082,198.73916596044,-198.73916586195,-6.1780664573639e-08,-1.1935690691309,0.70910042805026,-5.4833758645235,-0.19769812663564,139.11893725455
2.4145,0.010106445487508,198.75130945386,-198.7513093552,-6.321581309522e-08,-1.1936008401029,0.70926109959436,-5.483663616197,-0.2022906019047,139.12618726148
2.4195,0.010142820237508,198.74546694651,-198.74546684803,-6.1455991598218e-08,-1.193648712259,0.70894530568218,-5.4835393152693,-0.1966591731143,139.12304834407
2.4245,0.010090601237508,198.74538014138,-198.74538004373,-4.4235900928757e-08,-1.1934620383989,0.70966208971444,-5.4835094316158,-0.14155488297202,94.544819684201
2.427,0.010032448925008,198.75139978993,-198.75139969301,-2.2370711336151e-08,-1.1938532992285,0.708270637675,-5.4836830427762,-0.071586276275684,49.628597340307
2.432,0.0098572236750085,198.74275412894,-198.74275403164,3.7898423627104e-08,-1.1936031718833,0.70902338574436,-5.4834352384446,0.12127495560673,-94.908654693911
2.437,0.0096002559250086,198.75049786543,-198.75049776717,6.2463029750269e-08,-1.1954384701003,0.70191480823358,-5.4836678446269,0.19988169520086,-139.08132790603
2.442,0.0092593806750087,198.74470507071,-198.74470497261,6.0119414730077e-08,-1.1943541490845,0.70607573920808,-5.483491498675,0.19238212713625,-139.12000300722
2.447,0.0088376441750088,198.7473927852,-198.74739268692,6.3110515132324e-08,-1.1938698034448,0.70811098153204,-5.4835893511912,0.20195364842344,-139.1242213314
2.452,0.0083388126750089,198.74765994462,-198.74765984647,6.0602651407051e-08,-1.1936664280228,0.70890211479835,-5.4835669879709,0.19392848450256,-139.12375480752
2.457,0.0077673374250089,198.74520374645,-198.74520364819,6.271427086679e-08,-1.1936290861682,0.70901782423515,-5.483533325548,0.20068566677373,-139.1229050156
2.462,0.007128313425009,198.74827496445,-198.74827486624,6.1210915457113e-08,-1.1936202368857,0.7091022471307,-5.4835823542881,0.19587492946276,-139.12414093143
2.467,0.0064274356750091,198.74659478866,-198.74659469041,6.2093347456609e-08,-1.1936293962142,0.70905213715592,-5.4835688801705,0.19869871186115,-139.12380216792
2.472,0.0056709479250092,198.74474977765,-198.74474967935,6.1913202655878e-08,-1.1936152958257,0.70903053595276,-5.483490877211,0.19812224849881,-139.12182872346
2.477,0.0048655864250092,198.7519709034,-198.75197080516,6.1493240342119e-08,-1.1936319231756,0.70918059780757,-5.48370744998,0.19677836909478,-139.12729384938
2.482,0.0040185211750093,198.73820483656,-198.73820473821,6.2492829225294e-08,-1.1935537956809,0.70910873852288,-5.4833230779677,0.19997705352094,-139.11760763109
2.487,0.0031372946750095,198.75872930054,-198.75872920229,6.1132394791514e-08,-1.1937093380128,0.70904615253719,-5.4838826650161,0.19562366333285,-139.13170808719
2.492,0.0022297531750095,198.73221342476,-198.73221332636,6.2752522940833e-08,-1.1935169367629,0.70910230565145,-5.4831692089084,0.20080807341067,-139.11372980975
2.497,0.0013039741750095,198.76301894554,-198.76301884725,6.1156333485049e-08,-1.1937354604302,0.70905348198491,-5.4839944840902,0.19570026715216,-139.13452675814
2.5,0.00088442177500519,198.73099073691,-198.73099063851,6.2440551146296e-08,-1.1934682576144,0.70926441321432,-5.4831366006626,0.19980976366815,-139.11290677888
