0,0
1,0
1.001,1.88E-07
1.002,7.54E-07
1.003,1.70E-06
1.004,3.01E-06
1.005,4.71E-06
1.006,6.77E-06
1.007,9.21E-06
1.008,1.20E-05
1.009,1.52E-05
1.01,1.87E-05
1.011,2.26E-05
1.012,2.69E-05
1.013,3.15E-05
1.014,3.65E-05
1.015,4.18E-05
1.016,4.75E-05
1.017,5.35E-05
1.018,5.99E-05
1.019,6.66E-05
1.02,7.36E-05
1.021,8.10E-05
1.022,8.86E-05
1.023,9.66E-05
1.024,0.000104908
1.025,0.000113498
1.026,0.000122383
1.027,0.000131558
1.028,0.000141014
1.029,0.000150747
1.03,0.000160748
1.031,0.00017101
1.032,0.000181526
1.033,0.000192288
1.034,0.000203288
1.035,0.000214517
1.036,0.000225969
1.037,0.000237633
1.038,0.000249503
1.039,0.000261567
1.04,0.000273819
1.041,0.000286248
1.042,0.000298845
1.043,0.000311601
1.044,0.000324506
1.045,0.00033755
1.046,0.000350724
1.047,0.000364016
1.048,0.000377418
1.049,0.000390919
1.05,0.000404508
1.051,0.000418176
1.052,0.00043191
1.053,0.000445701
1.054,0.000459537
1.055,0.000473408
1.056,0.000487303
1.057,0.00050121
1.058,0.000515119
1.059,0.000529018
1.06,0.000542896
1.061,0.000556742
1.062,0.000570544
1.063,0.00058429
1.064,0.000597971
1.065,0.000611572
1.066,0.000625085
1.067,0.000638496
1.068,0.000651795
1.069,0.000664969
1.07,0.000678008
1.071,0.0006909
1.072,0.000703633
1.073,0.000716196
1.074,0.000728578
1.075,0.000740766
1.076,0.000752751
1.077,0.00076452
1.078,0.000776062
1.079,0.000787366
1.08,0.000798421
1.081,0.000809217
1.082,0.000819741
1.083,0.000829984
1.084,0.000839934
1.085,0.000849581
1.086,0.000858914
1.087,0.000867923
1.088,0.000876598
1.089,0.000884928
1.09,0.000892903
1.091,0.000900514
1.092,0.000907751
1.093,0.000914604
1.094,0.000921064
1.095,0.000927121
1.096,0.000932766
1.097,0.000937991
1.098,0.000942787
1.099,0.000947145
1.1,0.000951057
1.101,0.000954514
1.102,0.000957509
1.103,0.000960033
1.104,0.00096208
1.105,0.000963642
1.106,0.000964712
1.107,0.000965283
1.108,0.000965349
1.109,0.000964902
1.11,0.000963937
1.111,0.000962448
1.112,0.00096043
1.113,0.000957876
1.114,0.000954782
1.115,0.000951143
1.116,0.000946954
1.117,0.00094221
1.118,0.000936909
1.119,0.000931045
1.12,0.000924616
1.121,0.000917618
1.122,0.000910048
1.123,0.000901904
1.124,0.000893183
1.125,0.000883883
1.126,0.000874003
1.127,0.000863541
1.128,0.000852495
1.129,0.000840866
1.13,0.000828651
1.131,0.000815852
1.132,0.000802468
1.133,0.0007885
1.134,0.000773947
1.135,0.000758813
1.136,0.000743096
1.137,0.0007268
1.138,0.000709927
1.139,0.000692477
1.14,0.000674455
1.141,0.000655863
1.142,0.000636704
1.143,0.000616982
1.144,0.000596701
1.145,0.000575864
1.146,0.000554477
1.147,0.000532545
1.148,0.000510072
1.149,0.000487063
1.15,0.000463525
1.151,0.000439465
1.152,0.000414887
1.153,0.000389799
1.154,0.000364208
1.155,0.000338122
1.156,0.000311548
1.157,0.000284493
1.158,0.000256967
1.159,0.000228977
1.16,0.000200533
1.161,0.000171644
1.162,0.000142319
1.163,0.000112568
1.164,8.24E-05
1.165,5.18E-05
1.166,2.09E-05
1.167,-1.05E-05
1.168,-4.22E-05
1.169,-7.43E-05
1.17,-0.000106744
1.171,-0.00013952
1.172,-0.000172622
1.173,-0.000206038
1.174,-0.000239755
1.175,-0.00027376
1.176,-0.000308041
1.177,-0.000342583
1.178,-0.000377373
1.179,-0.000412397
1.18,-0.000447642
1.181,-0.000483093
1.182,-0.000518735
1.183,-0.000554555
1.184,-0.000590536
1.185,-0.000626665
1.186,-0.000662926
1.187,-0.000699304
1.188,-0.000735782
1.189,-0.000772347
1.19,-0.000808981
1.191,-0.000845668
1.192,-0.000882393
1.193,-0.00091914
1.194,-0.000955891
1.195,-0.000992631
1.196,-0.001029342
1.197,-0.001066009
1.198,-0.001102614
1.199,-0.00113914
1.2,-0.001175571
1.201,-0.001211888
1.202,-0.001248076
1.203,-0.001284117
1.204,-0.001319994
1.205,-0.001355689
1.206,-0.001391186
1.207,-0.001426466
1.208,-0.001461512
1.209,-0.001496307
1.21,-0.001530834
1.211,-0.001565075
1.212,-0.001599013
1.213,-0.00163263
1.214,-0.001665909
1.215,-0.001698833
1.216,-0.001731385
1.217,-0.001763546
1.218,-0.001795301
1.219,-0.001826632
1.22,-0.001857521
1.221,-0.001887953
1.222,-0.00191791
1.223,-0.001947375
1.224,-0.001976332
1.225,-0.002004765
1.226,-0.002032656
1.227,-0.00205999
1.228,-0.00208675
1.229,-0.002112921
1.23,-0.002138486
1.231,-0.00216343
1.232,-0.002187738
1.233,-0.002211394
1.234,-0.002234383
1.235,-0.00225669
1.236,-0.002278301
1.237,-0.0022992
1.238,-0.002319374
1.239,-0.002338808
1.24,-0.002357489
1.241,-0.002375403
1.242,-0.002392537
1.243,-0.002408878
1.244,-0.002424412
1.245,-0.002439127
1.246,-0.002453011
1.247,-0.002466052
1.248,-0.002478238
1.249,-0.002489558
1.25,-0.0025
1.251,-0.002509554
1.252,-0.002518209
1.253,-0.002525956
1.254,-0.002532784
1.255,-0.002538683
1.256,-0.002543645
1.257,-0.002547661
1.258,-0.002550722
1.259,-0.00255282
1.26,-0.002553947
1.261,-0.002554096
1.262,-0.00255326
1.263,-0.002551433
1.264,-0.002548608
1.265,-0.002544778
1.266,-0.00253994
1.267,-0.002534087
1.268,-0.002527215
1.269,-0.002519319
1.27,-0.002510397
1.271,-0.002500443
1.272,-0.002489456
1.273,-0.002477432
1.274,-0.00246437
1.275,-0.002450268
1.276,-0.002435124
1.277,-0.002418937
1.278,-0.002401707
1.279,-0.002383434
1.28,-0.002364118
1.281,-0.00234376
1.282,-0.002322362
1.283,-0.002299924
1.284,-0.00227645
1.285,-0.002251942
1.286,-0.002226402
1.287,-0.002199835
1.288,-0.002172244
1.289,-0.002143634
1.29,-0.002114009
1.291,-0.002083375
1.292,-0.002051738
1.293,-0.002019103
1.294,-0.001985478
1.295,-0.00195087
1.296,-0.001915286
1.297,-0.001878733
1.298,-0.001841222
1.299,-0.001802759
1.3,-0.001763356
1.301,-0.001723021
1.302,-0.001681764
1.303,-0.001639597
1.304,-0.001596531
1.305,-0.001552576
1.306,-0.001507746
1.307,-0.001462051
1.308,-0.001415506
1.309,-0.001368123
1.31,-0.001319916
1.311,-0.001270899
1.312,-0.001221086
1.313,-0.001170492
1.314,-0.001119133
1.315,-0.001067024
1.316,-0.001014182
1.317,-0.000960622
1.318,-0.000906361
1.319,-0.000851417
1.32,-0.000795808
1.321,-0.00073955
1.322,-0.000682663
1.323,-0.000625165
1.324,-0.000567075
1.325,-0.000508412
1.326,-0.000449196
1.327,-0.000389448
1.328,-0.000329186
1.329,-0.000268433
1.33,-0.000207209
1.331,-0.000145534
1.332,-8.34E-05
1.333,-2.09E-05
1.334,4.20E-05
1.335,0.000105226
1.336,0.000168821
1.337,0.000232732
1.338,0.000296937
1.339,0.000361412
1.34,0.000426133
1.341,0.000491077
1.342,0.000556219
1.343,0.000621536
1.344,0.000687002
1.345,0.000752594
1.346,0.000818287
1.347,0.000884054
1.348,0.000949873
1.349,0.001015716
1.35,0.001081559
1.351,0.001147377
1.352,0.001213143
1.353,0.001278832
1.354,0.001344418
1.355,0.001409875
1.356,0.001475177
1.357,0.001540298
1.358,0.001605212
1.359,0.001669892
1.36,0.001734313
1.361,0.001798448
1.362,0.001862271
1.363,0.001925756
1.364,0.001988875
1.365,0.002051604
1.366,0.002113916
1.367,0.002175785
1.368,0.002237183
1.369,0.002298087
1.37,0.002358469
1.371,0.002418303
1.372,0.002477564
1.373,0.002536226
1.374,0.002594263
1.375,0.00265165
1.376,0.002708362
1.377,0.002764373
1.378,0.002819658
1.379,0.002874192
1.38,0.00292795
1.381,0.002980909
1.382,0.003033043
1.383,0.003084329
1.384,0.003134743
1.385,0.00318426
1.386,0.003232858
1.387,0.003280514
1.388,0.003327203
1.389,0.003372905
1.39,0.003417596
1.391,0.003461254
1.392,0.003503858
1.393,0.003545386
1.394,0.003585818
1.395,0.003625131
1.396,0.003663306
1.397,0.003700322
1.398,0.003736161
1.399,0.003770802
1.4,0.003804226
1.401,0.003836415
1.402,0.003867351
1.403,0.003897016
1.404,0.003925392
1.405,0.003952463
1.406,0.003978212
1.407,0.004002622
1.408,0.004025679
1.409,0.004047366
1.41,0.00406767
1.411,0.004086576
1.412,0.00410407
1.413,0.00412014
1.414,0.004134771
1.415,0.004147952
1.416,0.004159672
1.417,0.004169918
1.418,0.00417868
1.419,0.004185948
1.42,0.004191712
1.421,0.004195964
1.422,0.004198693
1.423,0.004199893
1.424,0.004199556
1.425,0.004197675
1.426,0.004194244
1.427,0.004189257
1.428,0.004182708
1.429,0.004174593
1.43,0.004164908
1.431,0.004153649
1.432,0.004140814
1.433,0.004126401
1.434,0.004110407
1.435,0.004092831
1.436,0.004073674
1.437,0.004052935
1.438,0.004030615
1.439,0.004006716
1.44,0.003981239
1.441,0.003954187
1.442,0.003925563
1.443,0.003895371
1.444,0.003863616
1.445,0.003830302
1.446,0.003795435
1.447,0.003759022
1.448,0.00372107
1.449,0.003681585
1.45,0.003640576
1.451,0.003598053
1.452,0.003554024
1.453,0.003508499
1.454,0.003461489
1.455,0.003413005
1.456,0.00336306
1.457,0.003311665
1.458,0.003258833
1.459,0.003204579
1.46,0.003148917
1.461,0.003091861
1.462,0.003033426
1.463,0.00297363
1.464,0.002912488
1.465,0.002850018
1.466,0.002786237
1.467,0.002721165
1.468,0.002654819
1.469,0.002587219
1.47,0.002518386
1.471,0.00244834
1.472,0.002377102
1.473,0.002304693
1.474,0.002231137
1.475,0.002156455
1.476,0.002080671
1.477,0.002003809
1.478,0.001925893
1.479,0.001846947
1.48,0.001766998
1.481,0.00168607
1.482,0.00160419
1.483,0.001521385
1.484,0.001437681
1.485,0.001353107
1.486,0.00126769
1.487,0.001181458
1.488,0.001094441
1.489,0.001006668
1.49,0.000918168
1.491,0.000828972
1.492,0.00073911
1.493,0.000648612
1.494,0.000557511
1.495,0.000465836
1.496,0.000373621
1.497,0.000280897
1.498,0.000187697
1.499,9.41E-05
1.5,-4.13E-15
1.501,-9.44E-05
1.502,-0.000189205
1.503,-0.000284288
1.504,-0.000379647
1.505,-0.000475247
1.506,-0.000571053
1.507,-0.000667031
1.508,-0.000763146
1.509,-0.000859362
1.51,-0.000955645
1.511,-0.001051958
1.512,-0.001148266
1.513,-0.001244534
1.514,-0.001340725
1.515,-0.001436804
1.516,-0.001532735
1.517,-0.00162848
1.518,-0.001724005
1.519,-0.001819273
1.52,-0.001914248
1.521,-0.002008893
1.522,-0.002103172
1.523,-0.002197048
1.524,-0.002290487
1.525,-0.00238345
1.526,-0.002475903
1.527,-0.002567808
1.528,-0.002659131
1.529,-0.002749834
1.53,-0.002839882
1.531,-0.00292924
1.532,-0.003017871
1.533,-0.00310574
1.534,-0.003192813
1.535,-0.003279053
1.536,-0.003364426
1.537,-0.003448897
1.538,-0.003532431
1.539,-0.003614995
1.54,-0.003696554
1.541,-0.003777075
1.542,-0.003856523
1.543,-0.003934866
1.544,-0.004012071
1.545,-0.004088105
1.546,-0.004162936
1.547,-0.004236532
1.548,-0.004308861
1.549,-0.004379891
1.55,-0.004449593
1.551,-0.004517936
1.552,-0.004584889
1.553,-0.004650424
1.554,-0.004714509
1.555,-0.004777118
1.556,-0.004838222
1.557,-0.004897792
1.558,-0.004955801
1.559,-0.005012223
1.56,-0.005067031
1.561,-0.0051202
1.562,-0.005171703
1.563,-0.005221516
1.564,-0.005269615
1.565,-0.005315976
1.566,-0.005360576
1.567,-0.005403393
1.568,-0.005444404
1.569,-0.005483588
1.57,-0.005520924
1.571,-0.005556392
1.572,-0.005589974
1.573,-0.005621649
1.574,-0.005651399
1.575,-0.005679208
1.576,-0.005705058
1.577,-0.005728933
1.578,-0.005750817
1.579,-0.005770696
1.58,-0.005788555
1.581,-0.005804381
1.582,-0.005818162
1.583,-0.005829885
1.584,-0.005839539
1.585,-0.005847113
1.586,-0.005852599
1.587,-0.005855985
1.588,-0.005857266
1.589,-0.005856432
1.59,-0.005853477
1.591,-0.005848395
1.592,-0.005841181
1.593,-0.00583183
1.594,-0.005820339
1.595,-0.005806705
1.596,-0.005790925
1.597,-0.005772999
1.598,-0.005752925
1.599,-0.005730705
1.6,-0.005706339
1.601,-0.005679829
1.602,-0.005651178
1.603,-0.005620389
1.604,-0.005587466
1.605,-0.005552415
1.606,-0.005515242
1.607,-0.005475953
1.608,-0.005434556
1.609,-0.005391059
1.61,-0.005345471
1.611,-0.005297802
1.612,-0.005248063
1.613,-0.005196266
1.614,-0.005142422
1.615,-0.005086546
1.616,-0.00502865
1.617,-0.00496875
1.618,-0.004906861
1.619,-0.004842999
1.62,-0.004777182
1.621,-0.004709427
1.622,-0.004639754
1.623,-0.004568181
1.624,-0.004494728
1.625,-0.004419417
1.626,-0.00434227
1.627,-0.004263308
1.628,-0.004182555
1.629,-0.004100034
1.63,-0.004015771
1.631,-0.003929791
1.632,-0.003842119
1.633,-0.003752784
1.634,-0.003661811
1.635,-0.003569229
1.636,-0.003475068
1.637,-0.003379356
1.638,-0.003282124
1.639,-0.003183403
1.64,-0.003083224
1.641,-0.002981618
1.642,-0.00287862
1.643,-0.002774262
1.644,-0.002668579
1.645,-0.002561604
1.646,-0.002453373
1.647,-0.002343922
1.648,-0.002233286
1.649,-0.002121503
1.65,-0.00200861
1.651,-0.001894645
1.652,-0.001779647
1.653,-0.001663653
1.654,-0.001546703
1.655,-0.001428838
1.656,-0.001310097
1.657,-0.001190522
1.658,-0.001070153
1.659,-0.000949031
1.66,-0.000827199
1.661,-0.0007047
1.662,-0.000581575
1.663,-0.000457868
1.664,-0.000333622
1.665,-0.000208882
1.666,-8.37E-05
1.667,4.19E-05
1.668,0.000167869
1.669,0.000294147
1.67,0.000420696
1.671,0.000547473
1.672,0.000674431
1.673,0.000801524
1.674,0.000928707
1.675,0.001055933
1.676,0.001183156
1.677,0.00131033
1.678,0.001437408
1.679,0.001564344
1.68,0.001691091
1.681,0.001817603
1.682,0.001943831
1.683,0.002069731
1.684,0.002195254
1.685,0.002320355
1.686,0.002444985
1.687,0.0025691
1.688,0.002692651
1.689,0.002815592
1.69,0.002937877
1.691,0.003059459
1.692,0.003180293
1.693,0.003300331
1.694,0.003419528
1.695,0.003537838
1.696,0.003655215
1.697,0.003771615
1.698,0.003886992
1.699,0.004001301
1.7,0.004114497
1.701,0.004226536
1.702,0.004337374
1.703,0.004446968
1.704,0.004555274
1.705,0.004662249
1.706,0.00476785
1.707,0.004872035
1.708,0.004974762
1.709,0.00507599
1.71,0.005175677
1.711,0.005273784
1.712,0.00537027
1.713,0.005465095
1.714,0.005558221
1.715,0.005649608
1.716,0.00573922
1.717,0.005827017
1.718,0.005912964
1.719,0.005997024
1.72,0.006079161
1.721,0.00615934
1.722,0.006237527
1.723,0.006313688
1.724,0.006387788
1.725,0.006459797
1.726,0.006529682
1.727,0.006597412
1.728,0.006662956
1.729,0.006726284
1.73,0.006787368
1.731,0.00684618
1.732,0.006902691
1.733,0.006956875
1.734,0.007008706
1.735,0.007058159
1.736,0.007105209
1.737,0.007149833
1.738,0.007192008
1.739,0.007231713
1.74,0.007268926
1.741,0.007303626
1.742,0.007335796
1.743,0.007365416
1.744,0.007392468
1.745,0.007416937
1.746,0.007438805
1.747,0.00745806
1.748,0.007474685
1.749,0.007488669
1.75,0.0075
1.751,0.007508666
1.752,0.007514657
1.753,0.007517964
1.754,0.007518578
1.755,0.007516493
1.756,0.007511702
1.757,0.007504199
1.758,0.00749398
1.759,0.007481042
1.76,0.007465383
1.761,0.007447001
1.762,0.007425895
1.763,0.007402066
1.764,0.007375516
1.765,0.007346247
1.766,0.007314262
1.767,0.007279567
1.768,0.007242167
1.769,0.007202069
1.77,0.007159279
1.771,0.007113807
1.772,0.007065662
1.773,0.007014855
1.774,0.006961397
1.775,0.006905301
1.776,0.00684658
1.777,0.006785249
1.778,0.006721324
1.779,0.006654821
1.78,0.006585758
1.781,0.006514153
1.782,0.006440025
1.783,0.006363395
1.784,0.006284285
1.785,0.006202717
1.786,0.006118714
1.787,0.0060323
1.788,0.005943501
1.789,0.005852343
1.79,0.005758852
1.791,0.005663058
1.792,0.005564988
1.793,0.005464673
1.794,0.005362142
1.795,0.005257429
1.796,0.005150565
1.797,0.005041584
1.798,0.00493052
1.799,0.004817407
1.8,0.004702282
1.801,0.004585181
1.802,0.004466142
1.803,0.004345204
1.804,0.004222404
1.805,0.004097783
1.806,0.003971382
1.807,0.003843242
1.808,0.003713405
1.809,0.003581914
1.81,0.003448812
1.811,0.003314144
1.812,0.003177954
1.813,0.003040288
1.814,0.002901193
1.815,0.002760714
1.816,0.0026189
1.817,0.002475798
1.818,0.002331458
1.819,0.002185927
1.82,0.002039257
1.821,0.001891497
1.822,0.001742698
1.823,0.001592912
1.824,0.00144219
1.825,0.001290584
1.826,0.001138148
1.827,0.000984934
1.828,0.000830995
1.829,0.000676386
1.83,0.000521161
1.831,0.000365375
1.832,0.000209082
1.833,5.23E-05
1.834,-0.000104801
1.835,-0.00026228
1.836,-0.000420042
1.837,-0.000578032
1.838,-0.000736193
1.839,-0.000894468
1.84,-0.001052799
1.841,-0.001211131
1.842,-0.001369405
1.843,-0.001527565
1.844,-0.001685552
1.845,-0.00184331
1.846,-0.002000782
1.847,-0.002157908
1.848,-0.002314632
1.849,-0.002470897
1.85,-0.002626644
1.851,-0.002781817
1.852,-0.002936358
1.853,-0.003090209
1.854,-0.003243313
1.855,-0.003395614
1.856,-0.003547055
1.857,-0.003697578
1.858,-0.003847128
1.859,-0.003995648
1.86,-0.004143082
1.861,-0.004289374
1.862,-0.004434469
1.863,-0.004578312
1.864,-0.004720847
1.865,-0.004862021
1.866,-0.00500178
1.867,-0.005140069
1.868,-0.005276835
1.869,-0.005412026
1.87,-0.005545589
1.871,-0.005677472
1.872,-0.005807623
1.873,-0.005935993
1.874,-0.00606253
1.875,-0.006187184
1.876,-0.006309907
1.877,-0.006430649
1.878,-0.006549363
1.879,-0.006666001
1.88,-0.006780517
1.881,-0.006892863
1.882,-0.007002995
1.883,-0.007110869
1.884,-0.007216439
1.885,-0.007319663
1.886,-0.007420498
1.887,-0.007518903
1.888,-0.007614837
1.889,-0.007708259
1.89,-0.007799129
1.891,-0.007887411
1.892,-0.007973066
1.893,-0.008056056
1.894,-0.008136347
1.895,-0.008213904
1.896,-0.008288692
1.897,-0.008360678
1.898,-0.00842983
1.899,-0.008496117
1.9,-0.008559509
1.901,-0.008619976
1.902,-0.00867749
1.903,-0.008732023
1.904,-0.008783551
1.905,-0.008832047
1.906,-0.008877487
1.907,-0.008919848
1.908,-0.008959108
1.909,-0.008995247
1.91,-0.009028244
1.911,-0.00905808
1.912,-0.009084739
1.913,-0.009108202
1.914,-0.009128456
1.915,-0.009145485
1.916,-0.009159277
1.917,-0.009169819
1.918,-0.009177101
1.919,-0.009181113
1.92,-0.009181846
1.921,-0.009179293
1.922,-0.009173448
1.923,-0.009164306
1.924,-0.009151864
1.925,-0.009136117
1.926,-0.009117066
1.927,-0.009094709
1.928,-0.009069048
1.929,-0.009040085
1.93,-0.009007823
1.931,-0.008972267
1.932,-0.008933423
1.933,-0.008891297
1.934,-0.008845898
1.935,-0.008797235
1.936,-0.008745319
1.937,-0.008690161
1.938,-0.008631775
1.939,-0.008570174
1.94,-0.008505374
1.941,-0.008437392
1.942,-0.008366245
1.943,-0.008291953
1.944,-0.008214535
1.945,-0.008134012
1.946,-0.008050408
1.947,-0.007963745
1.948,-0.007874049
1.949,-0.007781346
1.95,-0.007685661
1.951,-0.007587025
1.952,-0.007485466
1.953,-0.007381014
1.954,-0.007273702
1.955,-0.007163561
1.956,-0.007050625
1.957,-0.00693493
1.958,-0.006816512
1.959,-0.006695406
1.96,-0.006571652
1.961,-0.006445288
1.962,-0.006316355
1.963,-0.006184893
1.964,-0.006050945
1.965,-0.005914553
1.966,-0.005775762
1.967,-0.005634617
1.968,-0.005491163
1.969,-0.005345448
1.97,-0.00519752
1.971,-0.005047426
1.972,-0.004895218
1.973,-0.004740944
1.974,-0.004584656
1.975,-0.004426407
1.976,-0.00426625
1.977,-0.004104238
1.978,-0.003940425
1.979,-0.003774867
1.98,-0.003607621
1.981,-0.003438742
1.982,-0.003268288
1.983,-0.003096317
1.984,-0.002922889
1.985,-0.002748062
1.986,-0.002571897
1.987,-0.002394454
1.988,-0.002215795
1.989,-0.002035981
1.99,-0.001855075
1.991,-0.001673139
1.992,-0.001490238
1.993,-0.001306434
1.994,-0.001121792
1.995,-0.000936378
1.996,-0.000750255
1.997,-0.00056349
1.998,-0.000376148
1.999,-0.000188296
2,4.04E-15
2.001,0.000188484
2.002,0.000376902
2.003,0.000565185
2.004,0.000753268
2.005,0.000941083
2.006,0.001128564
2.007,0.001315644
2.008,0.001502256
2.009,0.001688334
2.01,0.001873813
2.011,0.002058626
2.012,0.002242708
2.013,0.002425992
2.014,0.002608415
2.015,0.002789911
2.016,0.002970416
2.017,0.003149865
2.018,0.003328195
2.019,0.003505343
2.02,0.003681246
2.021,0.00385584
2.022,0.004029064
2.023,0.004200857
2.024,0.004371158
2.025,0.004539905
2.026,0.004707039
2.027,0.004872501
2.028,0.005036232
2.029,0.005198173
2.03,0.005358268
2.031,0.005516459
2.032,0.005672689
2.033,0.005826905
2.034,0.00597905
2.035,0.006129071
2.036,0.006276914
2.037,0.006422527
2.038,0.006565858
2.039,0.006706856
2.04,0.006845471
2.041,0.006981654
2.042,0.007115357
2.043,0.007246531
2.044,0.007375131
2.045,0.007501111
2.046,0.007624425
2.047,0.007745031
2.048,0.007862884
2.049,0.007977944
2.05,0.00809017
2.051,0.008199521
2.052,0.008305959
2.053,0.008409446
2.054,0.008509945
2.055,0.00860742
2.056,0.008701838
2.057,0.008793163
2.058,0.008881364
2.059,0.00896641
2.06,0.009048271
2.061,0.009126916
2.062,0.009202318
2.063,0.009274452
2.064,0.009343289
2.065,0.009408808
2.066,0.009470983
2.067,0.009529793
2.068,0.009585218
2.069,0.009637237
2.07,0.009685832
2.071,0.009730985
2.072,0.009772681
2.073,0.009810905
2.074,0.009845643
2.075,0.009876883
2.076,0.009904614
2.077,0.009928826
2.078,0.00994951
2.079,0.009966659
2.08,0.009980267
2.081,0.009990329
2.082,0.009996842
2.083,0.009999803
2.084,0.00999921
2.085,0.009995066
2.086,0.00998737
2.087,0.009976125
2.088,0.009961336
2.089,0.009943008
2.09,0.009921147
2.091,0.009895761
2.092,0.009866859
2.093,0.009834452
2.094,0.009798551
2.095,0.009759168
2.096,0.009716317
2.097,0.009670015
2.098,0.009620277
2.099,0.009567121
2.1,0.009510565
2.101,0.009450631
2.102,0.009387339
2.103,0.009320711
2.104,0.009250772
2.105,0.009177546
2.106,0.00910106
2.107,0.00902134
2.108,0.008938414
2.109,0.008852313
2.11,0.008763067
2.111,0.008670707
2.112,0.008575267
2.113,0.008476779
2.114,0.00837528
2.115,0.008270806
2.116,0.008163393
2.117,0.008053079
2.118,0.007939904
2.119,0.007823908
2.12,0.007705132
2.121,0.007583619
2.122,0.007459411
2.123,0.007332553
2.124,0.00720309
2.125,0.007071068
2.126,0.006936533
2.127,0.006799534
2.128,0.006660119
2.129,0.006518337
2.13,0.00637424
2.131,0.006227878
2.132,0.006079303
2.133,0.005928568
2.134,0.005775727
2.135,0.005620834
2.136,0.005463943
2.137,0.005305112
2.138,0.005144395
2.139,0.004981851
2.14,0.004817537
2.141,0.004651511
2.142,0.004483832
2.143,0.00431456
2.144,0.004143756
2.145,0.003971479
2.146,0.003797791
2.147,0.003622754
2.148,0.003446429
2.149,0.00326888
2.15,0.00309017
2.151,0.002910362
2.152,0.002729519
2.153,0.002547707
2.154,0.00236499
2.155,0.002181432
2.156,0.0019971
2.157,0.001812058
2.158,0.001626372
2.159,0.001440108
2.16,0.001253332
2.161,0.001066112
2.162,0.000878512
2.163,0.0006906
2.164,0.000502443
2.165,0.000314108
2.166,0.00012566
2.167,-6.28E-05
2.168,-0.000251301
2.169,-0.000439681
2.17,-0.000627905
2.171,-0.000815906
2.172,-0.001003617
2.173,-0.001190972
2.174,-0.001377903
2.175,-0.001564345
2.176,-0.001750231
2.177,-0.001935495
2.178,-0.002120071
2.179,-0.002303894
2.18,-0.002486899
2.181,-0.00266902
2.182,-0.002850193
2.183,-0.003030353
2.184,-0.003209436
2.185,-0.003387379
2.186,-0.003564119
2.187,-0.003739592
2.188,-0.003913737
2.189,-0.004086491
2.19,-0.004257793
2.191,-0.004427582
2.192,-0.004595799
2.193,-0.004762382
2.194,-0.004927273
2.195,-0.005090414
2.196,-0.005251746
2.197,-0.005411213
2.198,-0.005568756
2.199,-0.005724321
2.2,-0.005877853
2.201,-0.006029295
2.202,-0.006178596
2.203,-0.006325702
2.204,-0.00647056
2.205,-0.006613119
2.206,-0.006753328
2.207,-0.006891138
2.208,-0.0070265
2.209,-0.007159365
2.21,-0.007289686
2.211,-0.007417418
2.212,-0.007542514
2.213,-0.00766493
2.214,-0.007784623
2.215,-0.00790155
2.216,-0.00801567
2.217,-0.008126942
2.218,-0.008235326
2.219,-0.008340784
2.22,-0.008443279
2.221,-0.008542774
2.222,-0.008639234
2.223,-0.008732625
2.224,-0.008822912
2.225,-0.008910065
2.226,-0.008994053
2.227,-0.009074844
2.228,-0.009152412
2.229,-0.009226727
2.23,-0.009297765
2.231,-0.009365499
2.232,-0.009429905
2.233,-0.009490961
2.234,-0.009548645
2.235,-0.009602937
2.236,-0.009653816
2.237,-0.009701266
2.238,-0.009745269
2.239,-0.009785809
2.24,-0.009822873
2.241,-0.009856446
2.242,-0.009886517
2.243,-0.009913076
2.244,-0.009936113
2.245,-0.00995562
2.246,-0.009971589
2.247,-0.009984016
2.248,-0.009992895
2.249,-0.009998224
2.25,-0.01
2.251,-0.009998224
2.252,-0.009992895
2.253,-0.009984016
2.254,-0.009971589
2.255,-0.00995562
2.256,-0.009936113
2.257,-0.009913076
2.258,-0.009886517
2.259,-0.009856446
2.26,-0.009822873
2.261,-0.009785809
2.262,-0.009745269
2.263,-0.009701266
2.264,-0.009653816
2.265,-0.009602937
2.266,-0.009548645
2.267,-0.009490961
2.268,-0.009429905
2.269,-0.009365499
2.27,-0.009297765
2.271,-0.009226727
2.272,-0.009152412
2.273,-0.009074844
2.274,-0.008994053
2.275,-0.008910065
2.276,-0.008822912
2.277,-0.008732625
2.278,-0.008639234
2.279,-0.008542774
2.28,-0.008443279
2.281,-0.008340784
2.282,-0.008235326
2.283,-0.008126942
2.284,-0.00801567
2.285,-0.00790155
2.286,-0.007784623
2.287,-0.00766493
2.288,-0.007542514
2.289,-0.007417418
2.29,-0.007289686
2.291,-0.007159365
2.292,-0.0070265
2.293,-0.006891138
2.294,-0.006753328
2.295,-0.006613119
2.296,-0.00647056
2.297,-0.006325702
2.298,-0.006178596
2.299,-0.006029295
2.3,-0.005877853
2.301,-0.005724321
2.302,-0.005568756
2.303,-0.005411213
2.304,-0.005251746
2.305,-0.005090414
2.306,-0.004927273
2.307,-0.004762382
2.308,-0.004595799
2.309,-0.004427582
2.31,-0.004257793
2.311,-0.004086491
2.312,-0.003913737
2.313,-0.003739592
2.314,-0.003564119
2.315,-0.003387379
2.316,-0.003209436
2.317,-0.003030353
2.318,-0.002850193
2.319,-0.00266902
2.32,-0.002486899
2.321,-0.002303894
2.322,-0.002120071
2.323,-0.001935495
2.324,-0.001750231
2.325,-0.001564345
2.326,-0.001377903
2.327,-0.001190972
2.328,-0.001003617
2.329,-0.000815906
2.33,-0.000627905
2.331,-0.000439681
2.332,-0.000251301
2.333,-6.28E-05
2.334,0.00012566
2.335,0.000314108
2.336,0.000502443
2.337,0.0006906
2.338,0.000878512
2.339,0.001066112
2.34,0.001253332
2.341,0.001440108
2.342,0.001626372
2.343,0.001812058
2.344,0.0019971
2.345,0.002181432
2.346,0.00236499
2.347,0.002547707
2.348,0.002729519
2.349,0.002910362
2.35,0.00309017
2.351,0.00326888
2.352,0.003446429
2.353,0.003622754
2.354,0.003797791
2.355,0.003971479
2.356,0.004143756
2.357,0.00431456
2.358,0.004483832
2.359,0.004651511
2.36,0.004817537
2.361,0.004981851
2.362,0.005144395
2.363,0.005305112
2.364,0.005463943
2.365,0.005620834
2.366,0.005775727
2.367,0.005928568
2.368,0.006079303
2.369,0.006227878
2.37,0.00637424
2.371,0.006518337
2.372,0.006660119
2.373,0.006799534
2.374,0.006936533
2.375,0.007071068
2.376,0.00720309
2.377,0.007332553
2.378,0.007459411
2.379,0.007583619
2.38,0.007705132
2.381,0.007823908
2.382,0.007939904
2.383,0.008053079
2.384,0.008163393
2.385,0.008270806
2.386,0.00837528
2.387,0.008476779
2.388,0.008575267
2.389,0.008670707
2.39,0.008763067
2.391,0.008852313
2.392,0.008938414
2.393,0.00902134
2.394,0.00910106
2.395,0.009177546
2.396,0.009250772
2.397,0.009320711
2.398,0.009387339
2.399,0.009450631
2.4,0.009510565
2.401,0.009567121
2.402,0.009620277
2.403,0.009670015
2.404,0.009716317
2.405,0.009759168
2.406,0.009798551
2.407,0.009834452
2.408,0.009866859
2.409,0.009895761
2.41,0.009921147
2.411,0.009943008
2.412,0.009961336
2.413,0.009976125
2.414,0.00998737
2.415,0.009995066
2.416,0.00999921
2.417,0.009999803
2.418,0.009996842
2.419,0.009990329
2.42,0.009980267
2.421,0.009966659
2.422,0.00994951
2.423,0.009928826
2.424,0.009904614
2.425,0.009876883
2.426,0.009845643
2.427,0.009810905
2.428,0.009772681
2.429,0.009730985
2.43,0.009685832
2.431,0.009637237
2.432,0.009585218
2.433,0.009529793
2.434,0.009470983
2.435,0.009408808
2.436,0.009343289
2.437,0.009274452
2.438,0.009202318
2.439,0.009126916
2.44,0.009048271
2.441,0.00896641
2.442,0.008881364
2.443,0.008793163
2.444,0.008701838
2.445,0.00860742
2.446,0.008509945
2.447,0.008409446
2.448,0.008305959
2.449,0.008199521
2.45,0.00809017
2.451,0.007977944
2.452,0.007862884
2.453,0.007745031
2.454,0.007624425
2.455,0.007501111
2.456,0.007375131
2.457,0.007246531
2.458,0.007115357
2.459,0.006981654
2.46,0.006845471
2.461,0.006706856
2.462,0.006565858
2.463,0.006422527
2.464,0.006276914
2.465,0.006129071
2.466,0.00597905
2.467,0.005826905
2.468,0.005672689
2.469,0.005516459
2.47,0.005358268
2.471,0.005198173
2.472,0.005036232
2.473,0.004872501
2.474,0.004707039
2.475,0.004539905
2.476,0.004371158
2.477,0.004200857
2.478,0.004029064
2.479,0.00385584
2.48,0.003681246
2.481,0.003505343
2.482,0.003328195
2.483,0.003149865
2.484,0.002970416
2.485,0.002789911
2.486,0.002608415
2.487,0.002425992
2.488,0.002242708
2.489,0.002058626
2.49,0.001873813
2.491,0.001688334
2.492,0.001502256
2.493,0.001315644
2.494,0.001128564
2.495,0.000941083
2.496,0.000753268
2.497,0.000565185
2.498,0.000376902
2.499,0.000188484
2.5,1.25E-16
2.501,-0.000188484
2.502,-0.000376902
2.503,-0.000565185
2.504,-0.000753268
2.505,-0.000941083
2.506,-0.001128564
2.507,-0.001315644
2.508,-0.001502256
2.509,-0.001688334
2.51,-0.001873813
2.511,-0.002058626
2.512,-0.002242708
2.513,-0.002425992
2.514,-0.002608415
2.515,-0.002789911
2.516,-0.002970416
2.517,-0.003149865
2.518,-0.003328195
2.519,-0.003505343
2.52,-0.003681246
2.521,-0.00385584
2.522,-0.004029064
2.523,-0.004200857
2.524,-0.004371158
2.525,-0.004539905
2.526,-0.004707039
2.527,-0.004872501
2.528,-0.005036232
2.529,-0.005198173
2.53,-0.005358268
2.531,-0.005516459
2.532,-0.005672689
2.533,-0.005826905
2.534,-0.00597905
2.535,-0.006129071
2.536,-0.006276914
2.537,-0.006422527
2.538,-0.006565858
2.539,-0.006706856
2.54,-0.006845471
2.541,-0.006981654
2.542,-0.007115357
2.543,-0.007246531
2.544,-0.007375131
2.545,-0.007501111
2.546,-0.007624425
2.547,-0.007745031
2.548,-0.007862884
2.549,-0.007977944
2.55,-0.00809017
2.551,-0.008199521
2.552,-0.008305959
2.553,-0.008409446
2.554,-0.008509945
2.555,-0.00860742
2.556,-0.008701838
2.557,-0.008793163
2.558,-0.008881364
2.559,-0.00896641
2.56,-0.009048271
2.561,-0.009126916
2.562,-0.009202318
2.563,-0.009274452
2.564,-0.009343289
2.565,-0.009408808
2.566,-0.009470983
2.567,-0.009529793
2.568,-0.009585218
2.569,-0.009637237
2.57,-0.009685832
2.571,-0.009730985
2.572,-0.009772681
2.573,-0.009810905
2.574,-0.009845643
2.575,-0.009876883
2.576,-0.009904614
2.577,-0.009928826
2.578,-0.00994951
2.579,-0.009966659
2.58,-0.009980267
2.581,-0.009990329
2.582,-0.009996842
2.583,-0.009999803
2.584,-0.00999921
2.585,-0.009995066
2.586,-0.00998737
2.587,-0.009976125
2.588,-0.009961336
2.589,-0.009943008
2.59,-0.009921147
2.591,-0.009895761
2.592,-0.009866859
2.593,-0.009834452
2.594,-0.009798551
2.595,-0.009759168
2.596,-0.009716317
2.597,-0.009670015
2.598,-0.009620277
2.599,-0.009567121
2.6,-0.009510565
2.601,-0.009450631
2.602,-0.009387339
2.603,-0.009320711
2.604,-0.009250772
2.605,-0.009177546
2.606,-0.00910106
2.607,-0.00902134
2.608,-0.008938414
2.609,-0.008852313
2.61,-0.008763067
2.611,-0.008670707
2.612,-0.008575267
2.613,-0.008476779
2.614,-0.00837528
2.615,-0.008270806
2.616,-0.008163393
2.617,-0.008053079
2.618,-0.007939904
2.619,-0.007823908
2.62,-0.007705132
2.621,-0.007583619
2.622,-0.007459411
2.623,-0.007332553
2.624,-0.00720309
2.625,-0.007071068
2.626,-0.006936533
2.627,-0.006799534
2.628,-0.006660119
2.629,-0.006518337
2.63,-0.00637424
2.631,-0.006227878
2.632,-0.006079303
2.633,-0.005928568
2.634,-0.005775727
2.635,-0.005620834
2.636,-0.005463943
2.637,-0.005305112
2.638,-0.005144395
2.639,-0.004981851
2.64,-0.004817537
2.641,-0.004651511
2.642,-0.004483832
2.643,-0.00431456
2.644,-0.004143756
2.645,-0.003971479
2.646,-0.003797791
2.647,-0.003622754
2.648,-0.003446429
2.649,-0.00326888
2.65,-0.00309017
2.651,-0.002910362
2.652,-0.002729519
2.653,-0.002547707
2.654,-0.00236499
2.655,-0.002181432
2.656,-0.0019971
2.657,-0.001812058
2.658,-0.001626372
2.659,-0.001440108
2.66,-0.001253332
2.661,-0.001066112
2.662,-0.000878512
2.663,-0.0006906
2.664,-0.000502443
2.665,-0.000314108
2.666,-0.00012566
2.667,6.28E-05
2.668,0.000251301
2.669,0.000439681
2.67,0.000627905
2.671,0.000815906
2.672,0.001003617
2.673,0.001190972
2.674,0.001377903
2.675,0.001564345
2.676,0.001750231
2.677,0.001935495
2.678,0.002120071
2.679,0.002303894
2.68,0.002486899
2.681,0.00266902
2.682,0.002850193
2.683,0.003030353
2.684,0.003209436
2.685,0.003387379
2.686,0.003564119
2.687,0.003739592
2.688,0.003913737
2.689,0.004086491
2.69,0.004257793
2.691,0.004427582
2.692,0.004595799
2.693,0.004762382
2.694,0.004927273
2.695,0.005090414
2.696,0.005251746
2.697,0.005411213
2.698,0.005568756
2.699,0.005724321
2.7,0.005877853
2.701,0.006029295
2.702,0.006178596
2.703,0.006325702
2.704,0.00647056
2.705,0.006613119
2.706,0.006753328
2.707,0.006891138
2.708,0.0070265
2.709,0.007159365
2.71,0.007289686
2.711,0.007417418
2.712,0.007542514
2.713,0.00766493
2.714,0.007784623
2.715,0.00790155
2.716,0.00801567
2.717,0.008126942
2.718,0.008235326
2.719,0.008340784
2.72,0.008443279
2.721,0.008542774
2.722,0.008639234
2.723,0.008732625
2.724,0.008822912
2.725,0.008910065
2.726,0.008994053
2.727,0.009074844
2.728,0.009152412
2.729,0.009226727
2.73,0.009297765
2.731,0.009365499
2.732,0.009429905
2.733,0.009490961
2.734,0.009548645
2.735,0.009602937
2.736,0.009653816
2.737,0.009701266
2.738,0.009745269
2.739,0.009785809
2.74,0.009822873
2.741,0.009856446
2.742,0.009886517
2.743,0.009913076
2.744,0.009936113
2.745,0.00995562
2.746,0.009971589
2.747,0.009984016
2.748,0.009992895
2.749,0.009998224
2.75,0.01
2.751,0.009998224
2.752,0.009992895
2.753,0.009984016
2.754,0.009971589
2.755,0.00995562
2.756,0.009936113
2.757,0.009913076
2.758,0.009886517
2.759,0.009856446
2.76,0.009822873
2.761,0.009785809
2.762,0.009745269
2.763,0.009701266
2.764,0.009653816
2.765,0.009602937
2.766,0.009548645
2.767,0.009490961
2.768,0.009429905
2.769,0.009365499
2.77,0.009297765
2.771,0.009226727
2.772,0.009152412
2.773,0.009074844
2.774,0.008994053
2.775,0.008910065
2.776,0.008822912
2.777,0.008732625
2.778,0.008639234
2.779,0.008542774
2.78,0.008443279
2.781,0.008340784
2.782,0.008235326
2.783,0.008126942
2.784,0.00801567
2.785,0.00790155
2.786,0.007784623
2.787,0.00766493
2.788,0.007542514
2.789,0.007417418
2.79,0.007289686
2.791,0.007159365
2.792,0.0070265
2.793,0.006891138
2.794,0.006753328
2.795,0.006613119
2.796,0.00647056
2.797,0.006325702
2.798,0.006178596
2.799,0.006029295
2.8,0.005877853
2.801,0.005724321
2.802,0.005568756
2.803,0.005411213
2.804,0.005251746
2.805,0.005090414
2.806,0.004927273
2.807,0.004762382
2.808,0.004595799
2.809,0.004427582
2.81,0.004257793
2.811,0.004086491
2.812,0.003913737
2.813,0.003739592
2.814,0.003564119
2.815,0.003387379
2.816,0.003209436
2.817,0.003030353
2.818,0.002850193
2.819,0.00266902
2.82,0.002486899
2.821,0.002303894
2.822,0.002120071
2.823,0.001935495
2.824,0.001750231
2.825,0.001564345
2.826,0.001377903
2.827,0.001190972
2.828,0.001003617
2.829,0.000815906
2.83,0.000627905
2.831,0.000439681
2.832,0.000251301
2.833,6.28E-05
2.834,-0.00012566
2.835,-0.000314108
2.836,-0.000502443
2.837,-0.0006906
2.838,-0.000878512
2.839,-0.001066112
2.84,-0.001253332
2.841,-0.001440108
2.842,-0.001626372
2.843,-0.001812058
2.844,-0.0019971
2.845,-0.002181432
2.846,-0.00236499
2.847,-0.002547707
2.848,-0.002729519
2.849,-0.002910362
2.85,-0.00309017
2.851,-0.00326888
2.852,-0.003446429
2.853,-0.003622754
2.854,-0.003797791
2.855,-0.003971479
2.856,-0.004143756
2.857,-0.00431456
2.858,-0.004483832
2.859,-0.004651511
2.86,-0.004817537
2.861,-0.004981851
2.862,-0.005144395
2.863,-0.005305112
2.864,-0.005463943
2.865,-0.005620834
2.866,-0.005775727
2.867,-0.005928568
2.868,-0.006079303
2.869,-0.006227878
2.87,-0.00637424
2.871,-0.006518337
2.872,-0.006660119
2.873,-0.006799534
2.874,-0.006936533
2.875,-0.007071068
2.876,-0.00720309
2.877,-0.007332553
2.878,-0.007459411
2.879,-0.007583619
2.88,-0.007705132
2.881,-0.007823908
2.882,-0.007939904
2.883,-0.008053079
2.884,-0.008163393
2.885,-0.008270806
2.886,-0.00837528
2.887,-0.008476779
2.888,-0.008575267
2.889,-0.008670707
2.89,-0.008763067
2.891,-0.008852313
2.892,-0.008938414
2.893,-0.00902134
2.894,-0.00910106
2.895,-0.009177546
2.896,-0.009250772
2.897,-0.009320711
2.898,-0.009387339
2.899,-0.009450631
2.9,-0.009510565
2.901,-0.009567121
2.902,-0.009620277
2.903,-0.009670015
2.904,-0.009716317
2.905,-0.009759168
2.906,-0.009798551
2.907,-0.009834452
2.908,-0.009866859
2.909,-0.009895761
2.91,-0.009921147
2.911,-0.009943008
2.912,-0.009961336
2.913,-0.009976125
2.914,-0.00998737
2.915,-0.009995066
2.916,-0.00999921
2.917,-0.009999803
2.918,-0.009996842
2.919,-0.009990329
2.92,-0.009980267
2.921,-0.009966659
2.922,-0.00994951
2.923,-0.009928826
2.924,-0.009904614
2.925,-0.009876883
2.926,-0.009845643
2.927,-0.009810905
2.928,-0.009772681
2.929,-0.009730985
2.93,-0.009685832
2.931,-0.009637237
2.932,-0.009585218
2.933,-0.009529793
2.934,-0.009470983
2.935,-0.009408808
2.936,-0.009343289
2.937,-0.009274452
2.938,-0.009202318
2.939,-0.009126916
2.94,-0.009048271
2.941,-0.00896641
2.942,-0.008881364
2.943,-0.008793163
2.944,-0.008701838
2.945,-0.00860742
2.946,-0.008509945
2.947,-0.008409446
2.948,-0.008305959
2.949,-0.008199521
2.95,-0.00809017
2.951,-0.007977944
2.952,-0.007862884
2.953,-0.007745031
2.954,-0.007624425
2.955,-0.007501111
2.956,-0.007375131
2.957,-0.007246531
2.958,-0.007115357
2.959,-0.006981654
2.96,-0.006845471
2.961,-0.006706856
2.962,-0.006565858
2.963,-0.006422527
2.964,-0.006276914
2.965,-0.006129071
2.966,-0.00597905
2.967,-0.005826905
2.968,-0.005672689
2.969,-0.005516459
2.97,-0.005358268
2.971,-0.005198173
2.972,-0.005036232
2.973,-0.004872501
2.974,-0.004707039
2.975,-0.004539905
2.976,-0.004371158
2.977,-0.004200857
2.978,-0.004029064
2.979,-0.00385584
2.98,-0.003681246
2.981,-0.003505343
2.982,-0.003328195
2.983,-0.003149865
2.984,-0.002970416
2.985,-0.002789911
2.986,-0.002608415
2.987,-0.002425992
2.988,-0.002242708
2.989,-0.002058626
2.99,-0.001873813
2.991,-0.001688334
2.992,-0.001502256
2.993,-0.001315644
2.994,-0.001128564
2.995,-0.000941083
2.996,-0.000753268
2.997,-0.000565185
2.998,-0.000376902
2.999,-0.000188484
3,-4.29E-15
3.001,0.000188484
3.002,0.000376902
3.003,0.000565185
3.004,0.000753268
3.005,0.000941083
3.006,0.001128564
3.007,0.001315644
3.008,0.001502256
3.009,0.001688334
3.01,0.001873813
3.011,0.002058626
3.012,0.002242708
3.013,0.002425992
3.014,0.002608415
3.015,0.002789911
3.016,0.002970416
3.017,0.003149865
3.018,0.003328195
3.019,0.003505343
3.02,0.003681246
3.021,0.00385584
3.022,0.004029064
3.023,0.004200857
3.024,0.004371158
3.025,0.004539905
3.026,0.004707039
3.027,0.004872501
3.028,0.005036232
3.029,0.005198173
3.03,0.005358268
3.031,0.005516459
3.032,0.005672689
3.033,0.005826905
3.034,0.00597905
3.035,0.006129071
3.036,0.006276914
3.037,0.006422527
3.038,0.006565858
3.039,0.006706856
3.04,0.006845471
3.041,0.006981654
3.042,0.007115357
3.043,0.007246531
3.044,0.007375131
3.045,0.007501111
3.046,0.007624425
3.047,0.007745031
3.048,0.007862884
3.049,0.007977944
3.05,0.00809017
3.051,0.008199521
3.052,0.008305959
3.053,0.008409446
3.054,0.008509945
3.055,0.00860742
3.056,0.008701838
3.057,0.008793163
3.058,0.008881364
3.059,0.00896641
3.06,0.009048271
3.061,0.009126916
3.062,0.009202318
3.063,0.009274452
3.064,0.009343289
3.065,0.009408808
3.066,0.009470983
3.067,0.009529793
3.068,0.009585218
3.069,0.009637237
3.07,0.009685832
3.071,0.009730985
3.072,0.009772681
3.073,0.009810905
3.074,0.009845643
3.075,0.009876883
3.076,0.009904614
3.077,0.009928826
3.078,0.00994951
3.079,0.009966659
3.08,0.009980267
3.081,0.009990329
3.082,0.009996842
3.083,0.009999803
3.084,0.00999921
3.085,0.009995066
3.086,0.00998737
3.087,0.009976125
3.088,0.009961336
3.089,0.009943008
3.09,0.009921147
3.091,0.009895761
3.092,0.009866859
3.093,0.009834452
3.094,0.009798551
3.095,0.009759168
3.096,0.009716317
3.097,0.009670015
3.098,0.009620277
3.099,0.009567121
3.1,0.009510565
3.101,0.009450631
3.102,0.009387339
3.103,0.009320711
3.104,0.009250772
3.105,0.009177546
3.106,0.00910106
3.107,0.00902134
3.108,0.008938414
3.109,0.008852313
3.11,0.008763067
3.111,0.008670707
3.112,0.008575267
3.113,0.008476779
3.114,0.00837528
3.115,0.008270806
3.116,0.008163393
3.117,0.008053079
3.118,0.007939904
3.119,0.007823908
3.12,0.007705132
3.121,0.007583619
3.122,0.007459411
3.123,0.007332553
3.124,0.00720309
3.125,0.007071068
3.126,0.006936533
3.127,0.006799534
3.128,0.006660119
3.129,0.006518337
3.13,0.00637424
3.131,0.006227878
3.132,0.006079303
3.133,0.005928568
3.134,0.005775727
3.135,0.005620834
3.136,0.005463943
3.137,0.005305112
3.138,0.005144395
3.139,0.004981851
3.14,0.004817537
3.141,0.004651511
3.142,0.004483832
3.143,0.00431456
3.144,0.004143756
3.145,0.003971479
3.146,0.003797791
3.147,0.003622754
3.148,0.003446429
3.149,0.00326888
3.15,0.00309017
3.151,0.002910362
3.152,0.002729519
3.153,0.002547707
3.154,0.00236499
3.155,0.002181432
3.156,0.0019971
3.157,0.001812058
3.158,0.001626372
3.159,0.001440108
3.16,0.001253332
3.161,0.001066112
3.162,0.000878512
3.163,0.0006906
3.164,0.000502443
3.165,0.000314108
3.166,0.00012566
3.167,-6.28E-05
3.168,-0.000251301
3.169,-0.000439681
3.17,-0.000627905
3.171,-0.000815906
3.172,-0.001003617
3.173,-0.001190972
3.174,-0.001377903
3.175,-0.001564345
3.176,-0.001750231
3.177,-0.001935495
3.178,-0.002120071
3.179,-0.002303894
3.18,-0.002486899
3.181,-0.00266902
3.182,-0.002850193
3.183,-0.003030353
3.184,-0.003209436
3.185,-0.003387379
3.186,-0.003564119
3.187,-0.003739592
3.188,-0.003913737
3.189,-0.004086491
3.19,-0.004257793
3.191,-0.004427582
3.192,-0.004595799
3.193,-0.004762382
3.194,-0.004927273
3.195,-0.005090414
3.196,-0.005251746
3.197,-0.005411213
3.198,-0.005568756
3.199,-0.005724321
3.2,-0.005877853
3.201,-0.006029295
3.202,-0.006178596
3.203,-0.006325702
3.204,-0.00647056
3.205,-0.006613119
3.206,-0.006753328
3.207,-0.006891138
3.208,-0.0070265
3.209,-0.007159365
3.21,-0.007289686
3.211,-0.007417418
3.212,-0.007542514
3.213,-0.00766493
3.214,-0.007784623
3.215,-0.00790155
3.216,-0.00801567
3.217,-0.008126942
3.218,-0.008235326
3.219,-0.008340784
3.22,-0.008443279
3.221,-0.008542774
3.222,-0.008639234
3.223,-0.008732625
3.224,-0.008822912
3.225,-0.008910065
3.226,-0.008994053
3.227,-0.009074844
3.228,-0.009152412
3.229,-0.009226727
3.23,-0.009297765
3.231,-0.009365499
3.232,-0.009429905
3.233,-0.009490961
3.234,-0.009548645
3.235,-0.009602937
3.236,-0.009653816
3.237,-0.009701266
3.238,-0.009745269
3.239,-0.009785809
3.24,-0.009822873
3.241,-0.009856446
3.242,-0.009886517
3.243,-0.009913076
3.244,-0.009936113
3.245,-0.00995562
3.246,-0.009971589
3.247,-0.009984016
3.248,-0.009992895
3.249,-0.009998224
3.25,-0.01
3.251,-0.009998224
3.252,-0.009992895
3.253,-0.009984016
3.254,-0.009971589
3.255,-0.00995562
3.256,-0.009936113
3.257,-0.009913076
3.258,-0.009886517
3.259,-0.009856446
3.26,-0.009822873
3.261,-0.009785809
3.262,-0.009745269
3.263,-0.009701266
3.264,-0.009653816
3.265,-0.009602937
3.266,-0.009548645
3.267,-0.009490961
3.268,-0.009429905
3.269,-0.009365499
3.27,-0.009297765
3.271,-0.009226727
3.272,-0.009152412
3.273,-0.009074844
3.274,-0.008994053
3.275,-0.008910065
3.276,-0.008822912
3.277,-0.008732625
3.278,-0.008639234
3.279,-0.008542774
3.28,-0.008443279
3.281,-0.008340784
3.282,-0.008235326
3.283,-0.008126942
3.284,-0.00801567
3.285,-0.00790155
3.286,-0.007784623
3.287,-0.00766493
3.288,-0.007542514
3.289,-0.007417418
3.29,-0.007289686
3.291,-0.007159365
3.292,-0.0070265
3.293,-0.006891138
3.294,-0.006753328
3.295,-0.006613119
3.296,-0.00647056
3.297,-0.006325702
3.298,-0.006178596
3.299,-0.006029295
3.3,-0.005877853
3.301,-0.005724321
3.302,-0.005568756
3.303,-0.005411213
3.304,-0.005251746
3.305,-0.005090414
3.306,-0.004927273
3.307,-0.004762382
3.308,-0.004595799
3.309,-0.004427582
3.31,-0.004257793
3.311,-0.004086491
3.312,-0.003913737
3.313,-0.003739592
3.314,-0.003564119
3.315,-0.003387379
3.316,-0.003209436
3.317,-0.003030353
3.318,-0.002850193
3.319,-0.00266902
3.32,-0.002486899
3.321,-0.002303894
3.322,-0.002120071
3.323,-0.001935495
3.324,-0.001750231
3.325,-0.001564345
3.326,-0.001377903
3.327,-0.001190972
3.328,-0.001003617
3.329,-0.000815906
3.33,-0.000627905
3.331,-0.000439681
3.332,-0.000251301
3.333,-6.28E-05
3.334,0.00012566
3.335,0.000314108
3.336,0.000502443
3.337,0.0006906
3.338,0.000878512
3.339,0.001066112
3.34,0.001253332
3.341,0.001440108
3.342,0.001626372
3.343,0.001812058
3.344,0.0019971
3.345,0.002181432
3.346,0.00236499
3.347,0.002547707
3.348,0.002729519
3.349,0.002910362
3.35,0.00309017
3.351,0.00326888
3.352,0.003446429
3.353,0.003622754
3.354,0.003797791
3.355,0.003971479
3.356,0.004143756
3.357,0.00431456
3.358,0.004483832
3.359,0.004651511
3.36,0.004817537
3.361,0.004981851
3.362,0.005144395
3.363,0.005305112
3.364,0.005463943
3.365,0.005620834
3.366,0.005775727
3.367,0.005928568
3.368,0.006079303
3.369,0.006227878
3.37,0.00637424
3.371,0.006518337
3.372,0.006660119
3.373,0.006799534
3.374,0.006936533
3.375,0.007071068
3.376,0.00720309
3.377,0.007332553
3.378,0.007459411
3.379,0.007583619
3.38,0.007705132
3.381,0.007823908
3.382,0.007939904
3.383,0.008053079
3.384,0.008163393
3.385,0.008270806
3.386,0.00837528
3.387,0.008476779
3.388,0.008575267
3.389,0.008670707
3.39,0.008763067
3.391,0.008852313
3.392,0.008938414
3.393,0.00902134
3.394,0.00910106
3.395,0.009177546
3.396,0.009250772
3.397,0.009320711
3.398,0.009387339
3.399,0.009450631
3.4,0.009510565
3.401,0.009567121
3.402,0.009620277
3.403,0.009670015
3.404,0.009716317
3.405,0.009759168
3.406,0.009798551
3.407,0.009834452
3.408,0.009866859
3.409,0.009895761
3.41,0.009921147
3.411,0.009943008
3.412,0.009961336
3.413,0.009976125
3.414,0.00998737
3.415,0.009995066
3.416,0.00999921
3.417,0.009999803
3.418,0.009996842
3.419,0.009990329
3.42,0.009980267
3.421,0.009966659
3.422,0.00994951
3.423,0.009928826
3.424,0.009904614
3.425,0.009876883
3.426,0.009845643
3.427,0.009810905
3.428,0.009772681
3.429,0.009730985
3.43,0.009685832
3.431,0.009637237
3.432,0.009585218
3.433,0.009529793
3.434,0.009470983
3.435,0.009408808
3.436,0.009343289
3.437,0.009274452
3.438,0.009202318
3.439,0.009126916
3.44,0.009048271
3.441,0.00896641
3.442,0.008881364
3.443,0.008793163
3.444,0.008701838
3.445,0.00860742
3.446,0.008509945
3.447,0.008409446
3.448,0.008305959
3.449,0.008199521
3.45,0.00809017
3.451,0.007977944
3.452,0.007862884
3.453,0.007745031
3.454,0.007624425
3.455,0.007501111
3.456,0.007375131
3.457,0.007246531
3.458,0.007115357
3.459,0.006981654
3.46,0.006845471
3.461,0.006706856
3.462,0.006565858
3.463,0.006422527
3.464,0.006276914
3.465,0.006129071
3.466,0.00597905
3.467,0.005826905
3.468,0.005672689
3.469,0.005516459
3.47,0.005358268
3.471,0.005198173
3.472,0.005036232
3.473,0.004872501
3.474,0.004707039
3.475,0.004539905
3.476,0.004371158
3.477,0.004200857
3.478,0.004029064
3.479,0.00385584
3.48,0.003681246
3.481,0.003505343
3.482,0.003328195
3.483,0.003149865
3.484,0.002970416
3.485,0.002789911
3.486,0.002608415
3.487,0.002425992
3.488,0.002242708
3.489,0.002058626
3.49,0.001873813
3.491,0.001688334
3.492,0.001502256
3.493,0.001315644
3.494,0.001128564
3.495,0.000941083
3.496,0.000753268
3.497,0.000565185
3.498,0.000376902
3.499,0.000188484
3.5,8.52E-15
3.501,-0.000188484
3.502,-0.000376902
3.503,-0.000565185
3.504,-0.000753268
3.505,-0.000941083
3.506,-0.001128564
3.507,-0.001315644
3.508,-0.001502256
3.509,-0.001688334
3.51,-0.001873813
3.511,-0.002058626
3.512,-0.002242708
3.513,-0.002425992
3.514,-0.002608415
3.515,-0.002789911
3.516,-0.002970416
3.517,-0.003149865
3.518,-0.003328195
3.519,-0.003505343
3.52,-0.003681246
3.521,-0.00385584
3.522,-0.004029064
3.523,-0.004200857
3.524,-0.004371158
3.525,-0.004539905
3.526,-0.004707039
3.527,-0.004872501
3.528,-0.005036232
3.529,-0.005198173
3.53,-0.005358268
3.531,-0.005516459
3.532,-0.005672689
3.533,-0.005826905
3.534,-0.00597905
3.535,-0.006129071
3.536,-0.006276914
3.537,-0.006422527
3.538,-0.006565858
3.539,-0.006706856
3.54,-0.006845471
3.541,-0.006981654
3.542,-0.007115357
3.543,-0.007246531
3.544,-0.007375131
3.545,-0.007501111
3.546,-0.007624425
3.547,-0.007745031
3.548,-0.007862884
3.549,-0.007977944
3.55,-0.00809017
3.551,-0.008199521
3.552,-0.008305959
3.553,-0.008409446
3.554,-0.008509945
3.555,-0.00860742
3.556,-0.008701838
3.557,-0.008793163
3.558,-0.008881364
3.559,-0.00896641
3.56,-0.009048271
3.561,-0.009126916
3.562,-0.009202318
3.563,-0.009274452
3.564,-0.009343289
3.565,-0.009408808
3.566,-0.009470983
3.567,-0.009529793
3.568,-0.009585218
3.569,-0.009637237
3.57,-0.009685832
3.571,-0.009730985
3.572,-0.009772681
3.573,-0.009810905
3.574,-0.009845643
3.575,-0.009876883
3.576,-0.009904614
3.577,-0.009928826
3.578,-0.00994951
3.579,-0.009966659
3.58,-0.009980267
3.581,-0.009990329
3.582,-0.009996842
3.583,-0.009999803
3.584,-0.00999921
3.585,-0.009995066
3.586,-0.00998737
3.587,-0.009976125
3.588,-0.009961336
3.589,-0.009943008
3.59,-0.009921147
3.591,-0.009895761
3.592,-0.009866859
3.593,-0.009834452
3.594,-0.009798551
3.595,-0.009759168
3.596,-0.009716317
3.597,-0.009670015
3.598,-0.009620277
3.599,-0.009567121
3.6,-0.009510565
3.601,-0.009450631
3.602,-0.009387339
3.603,-0.009320711
3.604,-0.009250772
3.605,-0.009177546
3.606,-0.00910106
3.607,-0.00902134
3.608,-0.008938414
3.609,-0.008852313
3.61,-0.008763067
3.611,-0.008670707
3.612,-0.008575267
3.613,-0.008476779
3.614,-0.00837528
3.615,-0.008270806
3.616,-0.008163393
3.617,-0.008053079
3.618,-0.007939904
3.619,-0.007823908
3.62,-0.007705132
3.621,-0.007583619
3.622,-0.007459411
3.623,-0.007332553
3.624,-0.00720309
3.625,-0.007071068
3.626,-0.006936533
3.627,-0.006799534
3.628,-0.006660119
3.629,-0.006518337
3.63,-0.00637424
3.631,-0.006227878
3.632,-0.006079303
3.633,-0.005928568
3.634,-0.005775727
3.635,-0.005620834
3.636,-0.005463943
3.637,-0.005305112
3.638,-0.005144395
3.639,-0.004981851
3.64,-0.004817537
3.641,-0.004651511
3.642,-0.004483832
3.643,-0.00431456
3.644,-0.004143756
3.645,-0.003971479
3.646,-0.003797791
3.647,-0.003622754
3.648,-0.003446429
3.649,-0.00326888
3.65,-0.00309017
3.651,-0.002910362
3.652,-0.002729519
3.653,-0.002547707
3.654,-0.00236499
3.655,-0.002181432
3.656,-0.0019971
3.657,-0.001812058
3.658,-0.001626372
3.659,-0.001440108
3.66,-0.001253332
3.661,-0.001066112
3.662,-0.000878512
3.663,-0.0006906
3.664,-0.000502443
3.665,-0.000314108
3.666,-0.00012566